-- phpMyAdmin SQL Dump
-- version 4.9.0.1
-- https://www.phpmyadmin.net/
--
-- Host: localhost
-- Erstellungszeit: 11. Nov 2019 um 16:42
-- Server-Version: 10.3.11-MariaDB
-- PHP-Version: 5.6.40

SET SQL_MODE = "NO_AUTO_VALUE_ON_ZERO";
SET AUTOCOMMIT = 0;
START TRANSACTION;
SET time_zone = "+00:00";


/*!40101 SET @OLD_CHARACTER_SET_CLIENT=@@CHARACTER_SET_CLIENT */;
/*!40101 SET @OLD_CHARACTER_SET_RESULTS=@@CHARACTER_SET_RESULTS */;
/*!40101 SET @OLD_COLLATION_CONNECTION=@@COLLATION_CONNECTION */;
/*!40101 SET NAMES utf8mb4 */;

--
-- Datenbank: `flauth`
--

-- --------------------------------------------------------

--
-- Tabellenstruktur für Tabelle `articles`
--

CREATE TABLE `articles` (
  `aid` int(11) NOT NULL,
  `title` varchar(50) DEFAULT NULL,
  `description` varchar(255) DEFAULT NULL,
  `url` varchar(255) DEFAULT NULL,
  `price` decimal(5,2) DEFAULT NULL,
  `uid` int(11) DEFAULT NULL,
  `min_periods` int(11) DEFAULT NULL,
  `createdAt` datetime NOT NULL DEFAULT current_timestamp(),
  `updatedAt` datetime NOT NULL DEFAULT current_timestamp() ON UPDATE current_timestamp()
) ENGINE=InnoDB DEFAULT CHARSET=utf8;

--
-- Daten für Tabelle `articles`
--

INSERT INTO `articles` (`aid`, `title`, `description`, `url`, `price`, `uid`, `min_periods`, `createdAt`, `updatedAt`) VALUES
(1, 'Sperrholz 3mm', 'Sperrholz Pappel\r\n600 x 400 x 4 mm', '', '5.00', 1, 1, '2017-01-01 00:00:00', '2018-05-04 17:57:17'),
(2, 'MDF 3mm', 'MDF\r\n600 x 400 x 3 mm', '', '2.50', 1, 1, '2018-04-30 11:29:00', '2018-05-04 17:58:17'),
(3, 'Acryl klar (600x400)', 'Acrylglas (PMMA) klar\r\n600 x 400 x 3 mm', '', '24.00', 1, 1, '2018-04-30 11:29:00', '2018-05-04 17:58:17'),
(4, 'Acryl klar (400x300)', 'Acrylglas (PMMA) klar\r\n400 x 300 x 3 mm', '', '12.00', 1, 1, '2018-05-01 11:42:44', '2018-05-04 17:58:17'),
(50, 'Ausdruck/Kopie A4 (sw, einseitig)', 'Ausdruck/Kopie A4 (einseitig, schwarz/weiss)', '', '0.15', 1, 1, '2018-05-04 17:12:24', '2018-05-04 17:58:17'),
(51, 'Ausdruck/Kopie A4 (sw, doppelseitig)', 'Ausdruck/Kopie A4 (doppelseitig, schwarz/weiss)', '', '0.30', 1, 1, '2018-05-04 17:16:28', '2018-05-04 17:58:17'),
(52, 'Ausdruck/Kopie A4 (farbig, einseitig)', 'Ausdruck/Kopie A4 (einseitig, farbig)', '', '0.50', 1, 1, '2018-05-04 17:13:42', '2018-05-04 17:58:17'),
(53, 'Ausdruck/Kopie A4 (farbig, doppelseitig)', 'Ausdruck/Kopie A4 (doppelseitig, farbig)', '', '1.00', 1, 1, '2018-05-04 17:16:56', '2018-05-04 17:58:17'),
(100, 'Fidget Spinner', 'Kit: Fidget Spinner', '', '8.00', 1, 1, '2018-05-04 16:30:03', '2018-05-04 17:58:17'),
(101, 'Bristlebot', 'Kit: Bristlebot', '', '10.00', 1, 1, '2018-05-04 16:31:05', '2018-05-04 17:58:17'),
(102, 'GetInLine', 'Kit: GetInLine Robot', '', '18.00', 1, 1, '2018-05-04 16:31:53', '2018-05-04 17:58:17'),
(103, 'Gartenlaterne (ungelötet)', 'Kit: Solar-Gartenlaterne (ungelötet)', '', '18.00', 1, 1, '2018-05-04 16:32:34', '2018-05-04 17:58:17'),
(104, 'Gartenlaterne (gelötet)', 'Kit: Solar-Gartenlaterne (SMD gelötet)', '', '22.00', 1, 1, '2018-05-04 16:33:51', '2018-05-04 17:58:17'),
(105, 'Senso', 'Kit: Senso', '', '30.00', 1, 1, '2018-05-04 16:35:48', '2018-05-04 17:58:17'),
(106, '3x5 LED-Matrix', 'Kit: 3x5 LED-Matrix', '', '30.00', 1, 1, '2018-05-04 16:36:21', '2018-05-04 17:58:17'),
(200, 'Getränk 5dl PET', 'Getränk 5dl PET (Mineral, Cola, Fanta, Eistee, Shorley...)', '', '2.50', 1, 1, '2018-05-04 16:27:37', '2018-05-04 17:58:17'),
(201, 'Bier', 'Bier', '', '4.00', 1, 1, '2018-05-04 16:28:26', '2018-05-04 17:58:17'),
(203, 'Kaffee', 'Kaffee (Kapsel)', '', '1.00', 1, 1, '2018-05-04 16:29:16', '2018-05-04 17:58:17'),
(300, 'Lagerschublade', 'Lagerschublade unter Laser \r\nfür 1 Woche', '', '2.50', 5, 1, '2018-05-01 11:42:44', '2018-05-04 16:56:57'),
(301, 'Lagerbox', 'Lagerbox im weissen Regal \r\nfür 4 Wochen', '', '1.00', 5, 4, '2018-05-01 11:42:44', '2018-05-04 16:56:26');

-- --------------------------------------------------------

--
-- Tabellenstruktur für Tabelle `events`
--

CREATE TABLE `events` (
  `eid` int(11) NOT NULL,
  `name` varchar(30) NOT NULL
) ENGINE=InnoDB DEFAULT CHARSET=utf8;

--
-- Daten für Tabelle `events`
--

INSERT INTO `events` (`eid`, `name`) VALUES
(1, 'Machine started'),
(2, 'Machine start error'),
(3, 'Machine shutdown'),
(4, 'Tag login'),
(5, 'Tag logout'),
(6, 'Tag error'),
(7, 'Manual correction'),
(8, 'Product Sale'),
(9, 'Tag alive');

-- --------------------------------------------------------

--
-- Tabellenstruktur für Tabelle `invoices`
--

CREATE TABLE `invoices` (
  `iid` int(11) NOT NULL,
  `tid` int(11) NOT NULL,
  `name` varchar(50) DEFAULT NULL,
  `total` decimal(10,2) DEFAULT NULL,
  `createdAt` datetime NOT NULL DEFAULT current_timestamp(),
  `updatedAt` datetime NOT NULL DEFAULT current_timestamp() ON UPDATE current_timestamp(),
  `payedAt` datetime DEFAULT NULL,
  `uid` int(11) NOT NULL
) ENGINE=InnoDB DEFAULT CHARSET=utf8;

--
-- Daten für Tabelle `invoices`
--

INSERT INTO `invoices` (`iid`, `tid`, `name`, `total`, `createdAt`, `updatedAt`, `payedAt`, `uid`) VALUES
(4, 1, 'Claudio Prezzi', '9.00', '2018-05-04 18:34:08', '2019-09-14 16:44:33', '2019-09-14 16:44:33', 2),
(9, 8, 'TestTag1', '36.00', '2018-12-03 22:43:13', '2018-12-03 22:43:34', '2018-12-03 22:43:34', 2),
(19, 1, 'Claudio Prezzi', '58.00', '2018-12-05 20:44:58', '2018-12-05 20:45:13', '2018-12-05 20:45:13', 2),
(21, 8, 'TestTag1', '642.00', '2018-12-27 12:59:24', '2019-04-23 21:12:25', '2019-04-23 21:12:25', 2),
(22, 8, 'TestTag1', '582.00', '2019-01-15 21:32:18', '2019-04-23 21:12:28', '2019-04-23 21:12:28', 2),
(25, 8, 'TestTag1', '4698.00', '2019-10-29 21:32:58', '2019-11-11 15:19:49', '2019-11-11 15:19:49', 2),
(26, 8, 'TestTag1', '0.00', '2019-10-29 21:34:11', '2019-11-11 15:19:44', '2019-11-11 15:19:44', 2),
(27, 8, 'TestTag1', '120.00', '2019-11-11 15:19:27', '2019-11-11 15:19:53', '2019-11-11 15:19:53', 2);

-- --------------------------------------------------------

--
-- Tabellenstruktur für Tabelle `logs`
--

CREATE TABLE `logs` (
  `lid` int(11) NOT NULL,
  `timestamp` timestamp NOT NULL DEFAULT current_timestamp(),
  `mid` int(11) DEFAULT NULL,
  `aid` int(11) DEFAULT NULL,
  `tid` int(11) DEFAULT NULL,
  `eid` int(11) NOT NULL,
  `remarks` text DEFAULT NULL,
  `iid` int(11) DEFAULT NULL
) ENGINE=InnoDB DEFAULT CHARSET=utf8;

--
-- Daten für Tabelle `logs`
--

INSERT INTO `logs` (`lid`, `timestamp`, `mid`, `aid`, `tid`, `eid`, `remarks`, `iid`) VALUES
(1, '2017-06-08 08:24:15', 3, NULL, 1, 4, '', 19),
(2, '2017-06-08 10:15:00', 3, NULL, 1, 5, '', 19),
(4, '2018-04-06 02:00:00', 6, NULL, 1, 4, '', 19),
(6, '2018-05-04 14:40:12', NULL, 1, 1, 8, NULL, 4),
(7, '2018-05-04 14:54:16', NULL, 301, 1, 8, NULL, 4),
(8, '2018-04-06 04:00:00', 6, NULL, 1, 5, '', 19),
(10, '2018-11-25 13:38:56', 1, NULL, NULL, 1, '', NULL),
(11, '2018-11-25 13:40:42', 1, NULL, NULL, 6, 'uid:991395188 key error', NULL),
(12, '2018-11-25 13:40:45', 1, NULL, NULL, 6, 'uid:991328677 key error', NULL),
(13, '2018-11-25 13:40:49', 1, NULL, NULL, 6, 'uid:991453392 key error', NULL),
(14, '2018-11-25 13:40:51', 1, NULL, NULL, 6, 'uid:991101105 key error', NULL),
(15, '2018-11-25 13:40:57', 1, NULL, NULL, 6, 'uid:991453392 key error', NULL),
(16, '2018-11-25 13:41:03', 1, NULL, NULL, 6, 'uid:991395188 key error', NULL),
(17, '2018-11-25 13:41:05', 1, NULL, NULL, 6, 'uid:991328677 key error', NULL),
(20, '2018-11-25 14:02:21', 1, NULL, NULL, 1, '', NULL),
(21, '2018-11-25 14:02:22', 1, NULL, NULL, 4, 'Admin login', NULL),
(22, '2018-12-02 13:41:46', 1, NULL, NULL, 1, '', NULL),
(24, '2018-12-02 13:42:00', 1, NULL, 0, 4, 'Admin login', NULL),
(25, '2018-12-02 13:42:02', 1, NULL, 0, 5, 'Admin logout', NULL),
(27, '2018-12-02 13:42:04', 1, NULL, 8, 4, 'TestTag1 login', 9),
(28, '2018-12-03 19:18:12', 1, NULL, 8, 5, 'TestTag1 logout', 9),
(29, '2018-12-03 19:18:09', 1, NULL, 8, 4, 'TestTag1 login', 9),
(30, '2018-12-03 19:16:51', 1, NULL, -1, 1, '', NULL),
(31, '2018-12-03 15:07:47', 1, NULL, 8, 5, 'TestTag1 logout', 9),
(32, '2018-12-03 14:50:53', 1, NULL, 8, 4, 'TestTag1 login', 9),
(33, '2018-12-03 14:43:31', 1, NULL, -1, 1, '', NULL),
(35, '2018-12-02 15:20:04', 1, NULL, 0, 5, 'Admin logout', NULL),
(36, '2018-12-03 19:22:26', 1, NULL, NULL, 1, '', NULL),
(38, '2018-12-03 19:22:40', 1, NULL, NULL, 2, '', NULL),
(39, '2018-12-02 15:20:00', 1, NULL, NULL, 4, 'Admin login', NULL),
(40, '2018-12-03 19:23:10', 1, NULL, NULL, 2, '', NULL),
(42, '2018-12-03 19:25:50', 1, NULL, NULL, 2, '', NULL),
(44, '2018-12-03 19:30:35', 1, NULL, NULL, 2, '', NULL),
(46, '2018-12-03 19:48:31', 1, NULL, NULL, 2, '', NULL),
(48, '2018-12-03 20:23:26', 1, NULL, 8, 5, 'TestTag1 logout', 9),
(49, '2018-12-03 20:23:24', 1, NULL, 8, 4, 'TestTag1 login', 9),
(50, '2018-12-03 20:23:18', 1, NULL, -1, 1, '', NULL),
(51, '2018-12-03 19:49:17', 1, NULL, -1, 2, '', NULL),
(53, '2018-12-02 15:19:59', 1, NULL, 0, 5, 'Admin logout', NULL),
(54, '2018-12-02 15:19:31', 1, NULL, 0, 4, 'Admin login', NULL),
(55, '2018-12-02 15:17:57', 1, NULL, -1, 1, '', NULL),
(57, '2018-12-02 13:43:05', 1, NULL, -1, 6, 'uid:991453392 denied', NULL),
(58, '2018-12-02 13:42:15', 1, NULL, 8, 5, 'TestTag1 logout', 9),
(59, '2018-12-02 13:42:12', 1, NULL, -1, 6, 'uid:991101105 key error', NULL),
(60, '2018-12-02 13:42:07', 1, NULL, -1, 2, '', NULL),
(61, '2018-12-02 13:42:21', 1, NULL, 0, 5, 'Admin logout', NULL),
(62, '2018-12-02 13:42:11', 1, NULL, -1, 6, 'uid:991453392 denied', NULL),
(64, '2018-11-27 18:25:42', 1, NULL, 0, 4, 'Admin login', NULL),
(65, '2018-11-27 18:20:39', 1, NULL, -1, 1, '', NULL),
(70, '2018-11-27 17:44:30', 1, NULL, 0, 5, 'Admin logout', NULL),
(71, '2018-11-27 17:44:28', 1, NULL, 0, 4, 'Admin login', NULL),
(72, '2018-11-27 17:42:37', 1, NULL, -1, 6, 'uid:991453392 denied', NULL),
(74, '2018-11-27 17:44:05', 1, NULL, 8, 5, 'TestTag1 logout', 9),
(75, '2018-11-27 17:44:03', 1, NULL, 8, 4, 'TestTag1 login', 9),
(76, '2018-11-27 17:44:01', 1, NULL, 0, 5, 'Admin logout', NULL),
(77, '2018-11-27 17:44:00', 1, NULL, 0, 4, 'Admin login', NULL),
(78, '2018-11-27 17:43:58', 1, NULL, 0, 5, 'Admin logout', NULL),
(79, '2018-11-27 17:43:56', 1, NULL, 0, 4, 'Admin login', NULL),
(80, '2018-11-27 17:43:52', 1, NULL, -1, 6, 'uid:991395188 key error', NULL),
(81, '2018-11-27 17:43:41', 1, NULL, -1, 6, 'uid:991328677 key error', NULL),
(82, '2018-11-27 17:43:25', 1, NULL, 0, 5, 'Admin logout', NULL),
(83, '2018-11-27 17:42:16', 1, NULL, -1, 1, '', NULL),
(85, '2018-12-04 15:49:47', 1, NULL, NULL, 1, '', NULL),
(86, '2018-12-04 15:52:33', 1, NULL, 8, 4, 'TestTag1 login', 21),
(87, '2018-12-04 15:52:58', 1, NULL, 8, 5, 'TestTag1 logout', 21),
(88, '2018-12-04 15:53:25', 1, NULL, 8, 4, 'TestTag1 login', 21),
(89, '2018-12-04 17:22:20', 1, NULL, 8, 5, 'TestTag1 logout', 21),
(90, '2018-12-05 14:13:35', 1, NULL, NULL, 1, '', NULL),
(91, '2018-12-05 14:26:26', 1, NULL, 8, 4, 'TestTag1 login', 21),
(92, '2018-12-05 14:52:26', 1, NULL, 8, 5, 'TestTag1 logout', 21),
(93, '2018-12-05 16:59:46', 1, NULL, NULL, 1, '', NULL),
(94, '2018-12-05 18:48:11', 1, NULL, NULL, 1, '', NULL),
(95, '2018-12-05 18:56:19', 1, NULL, 8, 4, 'TestTag1 login', 21),
(96, '2018-12-05 18:56:35', 1, NULL, 8, 5, 'TestTag1 logout', 21),
(97, '2018-12-05 19:00:18', 1, NULL, 8, 4, 'TestTag1 login', 21),
(98, '2018-12-05 19:34:23', 1, NULL, 8, 5, 'TestTag1 logout', 21),
(99, '2018-12-06 16:02:18', 1, NULL, NULL, 1, '', NULL),
(100, '2018-12-06 16:04:39', 1, NULL, 8, 4, 'TestTag1 login', 21),
(101, '2018-12-06 16:46:07', 1, NULL, 8, 5, 'TestTag1 logout', 21),
(102, '2018-12-06 16:47:00', 1, NULL, 8, 4, 'TestTag1 login', 21),
(103, '2018-12-06 16:48:01', 1, NULL, 8, 5, 'TestTag1 logout', 21),
(104, '2018-12-08 11:30:20', 1, NULL, NULL, 1, '', NULL),
(105, '2018-12-08 11:55:58', 1, NULL, 8, 4, 'TestTag1 login', 21),
(106, '2018-12-08 12:27:38', 1, NULL, 8, 5, 'TestTag1 logout', 21),
(107, '2018-12-08 12:27:46', 1, NULL, 8, 4, 'TestTag1 login', 21),
(108, '2018-12-08 12:40:52', 1, NULL, 8, 5, 'TestTag1 logout', 21),
(109, '2018-12-08 12:40:54', 1, NULL, 8, 4, 'TestTag1 login', 21),
(110, '2018-12-08 12:48:50', 1, NULL, 8, 5, 'TestTag1 logout', 21),
(116, '2018-12-08 12:53:36', 1, NULL, NULL, 1, '', NULL),
(118, '2018-12-11 17:53:07', 1, NULL, NULL, 1, '', NULL),
(119, '2018-12-11 18:24:34', 1, NULL, 8, 4, 'TestTag1 login', 21),
(120, '2018-12-11 18:40:53', 1, NULL, 8, 5, 'TestTag1 logout', 21),
(121, '2018-12-11 18:56:36', 1, NULL, 8, 4, 'TestTag1 login', 21),
(122, '2018-12-11 19:34:33', 1, NULL, 8, 5, 'TestTag1 logout', 21),
(123, '2018-12-12 16:41:41', 1, NULL, NULL, 1, '', NULL),
(124, '2018-12-12 17:17:04', 1, NULL, 8, 4, 'TestTag1 login', 21),
(125, '2018-12-12 17:31:57', 1, NULL, 8, 5, 'TestTag1 logout', 21),
(126, '2018-12-12 17:37:25', 1, NULL, 8, 4, 'TestTag1 login', 21),
(127, '2018-12-12 17:37:28', 1, NULL, 8, 5, 'TestTag1 logout', 21),
(128, '2018-12-12 17:37:37', 1, NULL, 8, 4, 'TestTag1 login', 21),
(129, '2018-12-12 17:37:39', 1, NULL, 8, 5, 'TestTag1 logout', 21),
(130, '2018-12-13 17:50:48', 1, NULL, NULL, 1, '', NULL),
(131, '2018-12-13 18:00:20', 1, NULL, 8, 4, 'TestTag1 login', 21),
(132, '2018-12-13 18:03:57', 1, NULL, 8, 5, 'TestTag1 logout', 21),
(133, '2018-12-13 18:12:40', 1, NULL, 8, 4, 'TestTag1 login', 21),
(134, '2018-12-13 18:13:50', 1, NULL, 8, 5, 'TestTag1 logout', 21),
(135, '2018-12-13 18:17:22', 1, NULL, 8, 4, 'TestTag1 login', 21),
(136, '2018-12-13 18:18:35', 1, NULL, 8, 5, 'TestTag1 logout', 21),
(137, '2018-12-13 18:26:06', 1, NULL, 8, 4, 'TestTag1 login', 21),
(138, '2018-12-13 18:38:11', 1, NULL, 8, 5, 'TestTag1 logout', 21),
(139, '2018-12-13 18:44:20', 1, NULL, 8, 4, 'TestTag1 login', 21),
(140, '2018-12-13 18:46:48', 1, NULL, 8, 5, 'TestTag1 logout', 21),
(141, '2018-12-13 18:55:05', 1, NULL, 8, 4, 'TestTag1 login', 21),
(142, '2018-12-13 19:07:01', 1, NULL, 8, 5, 'TestTag1 logout', 21),
(143, '2018-12-13 19:21:13', 1, NULL, 8, 4, 'TestTag1 login', 21),
(144, '2018-12-13 19:21:15', 1, NULL, 8, 5, 'TestTag1 logout', 21),
(145, '2018-12-13 19:21:23', 1, NULL, 8, 4, 'TestTag1 login', 21),
(146, '2018-12-13 19:21:25', 1, NULL, 8, 5, 'TestTag1 logout', 21),
(147, '2018-12-15 13:20:16', 1, NULL, NULL, 1, '', NULL),
(148, '2018-12-15 13:42:27', 1, NULL, 8, 4, 'TestTag1 login', 21),
(149, '2018-12-15 13:49:04', 1, NULL, 8, 5, 'TestTag1 logout', 21),
(150, '2018-12-15 14:08:39', 1, NULL, 8, 4, 'TestTag1 login', 21),
(151, '2018-12-15 14:21:57', 1, NULL, 8, 5, 'TestTag1 logout', 21),
(152, '2018-12-15 14:23:16', 1, NULL, 8, 4, 'TestTag1 login', 21),
(153, '2018-12-15 14:30:49', 1, NULL, 8, 5, 'TestTag1 logout', 21),
(154, '2018-12-15 14:31:00', 1, NULL, 8, 4, 'TestTag1 login', 21),
(155, '2018-12-15 14:42:42', 1, NULL, 8, 5, 'TestTag1 logout', 21),
(156, '2018-12-15 16:09:23', 1, NULL, NULL, 1, '', NULL),
(158, '2018-12-16 13:53:24', 1, NULL, NULL, 1, '', NULL),
(160, '2018-12-16 15:58:38', 1, NULL, NULL, 1, '', NULL),
(162, '2018-12-16 17:41:11', 1, NULL, NULL, 1, '', NULL),
(163, '2018-12-16 17:42:50', 1, NULL, 8, 4, 'TestTag1 login', 21),
(164, '2018-12-16 17:53:19', 1, NULL, 8, 5, 'TestTag1 logout', 21),
(165, '2018-12-17 14:16:01', 1, NULL, NULL, 1, '', NULL),
(166, '2018-12-17 14:20:11', 1, NULL, 8, 4, 'TestTag1 login', 21),
(167, '2018-12-17 16:24:42', 1, NULL, 8, 5, 'TestTag1 logout', 21),
(168, '2018-12-17 17:21:20', 1, NULL, NULL, 1, '', NULL),
(170, '2018-12-17 17:39:00', 1, NULL, NULL, 1, '', NULL),
(171, '2018-12-17 18:03:51', 1, NULL, NULL, 1, '', NULL),
(172, '2018-12-17 18:04:38', 1, NULL, 8, 4, 'TestTag1 login', 21),
(173, '2018-12-17 18:18:38', 1, NULL, 8, 5, 'TestTag1 logout', 21),
(174, '2018-12-19 16:27:36', 1, NULL, NULL, 1, '', NULL),
(175, '2018-12-19 16:45:29', 1, NULL, 8, 4, 'TestTag1 login', 21),
(176, '2018-12-19 18:53:21', 1, NULL, 8, 5, 'TestTag1 logout', 21),
(177, '2018-12-20 12:02:03', 1, NULL, NULL, 1, '', NULL),
(178, '2018-12-20 12:19:34', 1, NULL, 8, 4, 'TestTag1 login', 21),
(179, '2018-12-20 12:52:00', 1, NULL, 8, 5, 'TestTag1 logout', 21),
(180, '2018-12-20 12:55:23', 1, NULL, 8, 4, 'TestTag1 login', 21),
(181, '2018-12-20 13:06:23', 1, NULL, 8, 5, 'TestTag1 logout', 21),
(182, '2018-12-20 13:10:29', 1, NULL, 8, 4, 'TestTag1 login', 21),
(183, '2018-12-20 13:11:03', 1, NULL, 8, 5, 'TestTag1 logout', 21),
(184, '2018-12-20 13:14:16', 1, NULL, 8, 4, 'TestTag1 login', 21),
(185, '2018-12-20 13:36:33', 1, NULL, 8, 5, 'TestTag1 logout', 21),
(186, '2018-12-20 13:44:35', 1, NULL, 8, 4, 'TestTag1 login', 21),
(187, '2018-12-20 14:20:14', 1, NULL, 8, 5, 'TestTag1 logout', 21),
(188, '2018-12-20 14:24:48', 1, NULL, 8, 4, 'TestTag1 login', 21),
(189, '2018-12-20 15:08:24', 1, NULL, 8, 5, 'TestTag1 logout', 21),
(190, '2018-12-20 15:14:46', 1, NULL, 8, 4, 'TestTag1 login', 21),
(191, '2018-12-20 16:12:17', 1, NULL, 8, 5, 'TestTag1 logout', 21),
(192, '2018-12-20 16:12:20', 1, NULL, 8, 4, 'TestTag1 login', 21),
(193, '2018-12-20 18:15:07', 1, NULL, 8, 5, 'TestTag1 logout', 21),
(194, '2018-12-20 18:20:03', 1, NULL, 8, 4, 'TestTag1 login', 21),
(195, '2018-12-20 19:10:10', 1, NULL, 8, 5, 'TestTag1 logout', 21),
(196, '2018-12-21 13:58:32', 1, NULL, NULL, 1, '', NULL),
(197, '2018-12-22 10:40:46', 1, NULL, NULL, 1, '', NULL),
(198, '2018-12-22 11:10:20', 1, NULL, NULL, 1, '', NULL),
(200, '2018-12-22 12:37:56', 1, NULL, NULL, 1, '', NULL),
(201, '2018-12-22 12:44:37', 1, NULL, 8, 4, 'TestTag1 login', 21),
(202, '2018-12-22 14:40:35', 1, NULL, 8, 5, 'TestTag1 logout', 21),
(203, '2018-12-22 14:48:03', 1, NULL, 8, 4, 'TestTag1 login', 21),
(204, '2018-12-22 14:48:11', 1, NULL, 8, 5, 'TestTag1 logout', 21),
(205, '2018-12-22 14:48:42', 1, NULL, 8, 4, 'TestTag1 login', 21),
(206, '2018-12-22 16:00:23', 1, NULL, 8, 5, 'TestTag1 logout', 21),
(207, '2018-12-23 11:45:27', 1, NULL, NULL, 1, '', NULL),
(209, '2018-12-24 08:46:43', 1, NULL, NULL, 1, '', NULL),
(210, '2018-12-24 08:54:54', 1, NULL, 8, 4, 'TestTag1 login', 21),
(211, '2018-12-24 09:09:11', 1, NULL, 8, 5, 'TestTag1 logout', 21),
(212, '2018-12-27 11:42:28', 1, NULL, NULL, 1, '', NULL),
(214, '2018-12-28 07:22:35', 1, NULL, NULL, 1, '', NULL),
(215, '2018-12-28 07:29:58', 1, NULL, 8, 4, 'TestTag1 login', 22),
(216, '2018-12-28 07:50:07', 1, NULL, 8, 5, 'TestTag1 logout', 22),
(217, '2018-12-28 07:56:29', 1, NULL, 8, 4, 'TestTag1 login', 22),
(218, '2018-12-28 08:16:35', 1, NULL, 8, 5, 'TestTag1 logout', 22),
(219, '2018-12-28 08:33:46', 1, NULL, NULL, 1, '', NULL),
(220, '2018-12-28 08:37:38', 1, NULL, 8, 4, 'TestTag1 login', 22),
(221, '2018-12-28 10:14:20', 1, NULL, 8, 5, 'TestTag1 logout', 22),
(222, '2018-12-28 13:12:47', 1, NULL, NULL, 1, '', NULL),
(223, '2018-12-28 13:14:43', 1, NULL, 8, 4, 'TestTag1 login', 22),
(224, '2018-12-28 15:32:13', 1, NULL, 8, 5, 'TestTag1 logout', 22),
(225, '2018-12-28 15:37:41', 1, NULL, 8, 4, 'TestTag1 login', 22),
(226, '2018-12-28 15:37:58', 1, NULL, 8, 5, 'TestTag1 logout', 22),
(227, '2018-12-28 15:40:03', 1, NULL, 8, 4, 'TestTag1 login', 22),
(228, '2018-12-28 16:02:30', 1, NULL, 8, 5, 'TestTag1 logout', 22),
(229, '2018-12-29 11:05:26', 1, NULL, NULL, 1, '', NULL),
(230, '2018-12-29 11:11:34', 1, NULL, 8, 4, 'TestTag1 login', 22),
(231, '2018-12-29 11:47:12', 1, NULL, 8, 5, 'TestTag1 logout', 22),
(232, '2018-12-29 12:00:58', 1, NULL, 8, 4, 'TestTag1 login', 22),
(233, '2018-12-29 12:03:33', 1, NULL, 8, 5, 'TestTag1 logout', 22),
(234, '2018-12-29 12:03:52', 1, NULL, 8, 4, 'TestTag1 login', 22),
(235, '2018-12-29 12:03:55', 1, NULL, 8, 5, 'TestTag1 logout', 22),
(236, '2018-12-29 12:04:41', 1, NULL, 8, 4, 'TestTag1 login', 22),
(237, '2018-12-29 12:04:59', 1, NULL, 8, 5, 'TestTag1 logout', 22),
(238, '2018-12-29 12:18:25', 1, NULL, 8, 4, 'TestTag1 login', 22),
(239, '2018-12-29 12:19:12', 1, NULL, 8, 5, 'TestTag1 logout', 22),
(240, '2018-12-29 12:36:47', 1, NULL, 8, 4, 'TestTag1 login', 22),
(241, '2018-12-29 14:03:32', 1, NULL, 8, 5, 'TestTag1 logout', 22),
(242, '2018-12-29 14:03:37', 1, NULL, 8, 4, 'TestTag1 login', 22),
(243, '2018-12-29 14:12:14', 1, NULL, 8, 5, 'TestTag1 logout', 22),
(244, '2018-12-29 14:15:40', 1, NULL, 8, 4, 'TestTag1 login', NULL),
(245, '2018-12-31 13:38:28', 1, NULL, NULL, 1, '', NULL),
(246, '2018-12-31 13:44:24', 1, NULL, 8, 4, 'TestTag1 login', 22),
(247, '2018-12-31 13:52:05', 1, NULL, 8, 5, 'TestTag1 logout', 22),
(248, '2018-12-31 14:04:42', 1, NULL, 8, 4, 'TestTag1 login', 22),
(249, '2018-12-31 14:17:19', 1, NULL, 8, 5, 'TestTag1 logout', 22),
(250, '2019-01-03 11:11:56', 1, NULL, NULL, 1, '', NULL),
(251, '2019-01-03 11:33:33', 1, NULL, 8, 4, 'TestTag1 login', 22),
(252, '2019-01-03 11:54:49', 1, NULL, 8, 5, 'TestTag1 logout', 22),
(253, '2019-01-03 16:33:45', 1, NULL, NULL, 1, '', NULL),
(254, '2019-01-03 16:46:09', 1, NULL, 8, 4, 'TestTag1 login', 22),
(255, '2019-01-03 16:46:11', 1, NULL, 8, 5, 'TestTag1 logout', 22),
(256, '2019-01-03 16:58:45', 1, NULL, 8, 4, 'TestTag1 login', 22),
(257, '2019-01-03 17:21:24', 1, NULL, 8, 5, 'TestTag1 logout', 22),
(258, '2019-01-03 17:21:26', 1, NULL, 8, 4, 'TestTag1 login', NULL),
(259, '2019-01-04 07:50:24', 1, NULL, NULL, 1, '', NULL),
(260, '2019-01-04 08:23:43', 1, NULL, 8, 4, 'TestTag1 login', 22),
(261, '2019-01-04 09:52:38', 1, NULL, 8, 5, 'TestTag1 logout', 22),
(262, '2019-01-04 10:12:00', 1, NULL, 8, 4, 'TestTag1 login', 22),
(263, '2019-01-04 10:39:42', 1, NULL, 8, 5, 'TestTag1 logout', 22),
(264, '2019-01-04 10:54:38', 1, NULL, 8, 4, 'TestTag1 login', 22),
(265, '2019-01-04 10:59:29', 1, NULL, 8, 5, 'TestTag1 logout', 22),
(266, '2019-01-04 11:38:41', 1, NULL, 8, 4, 'TestTag1 login', 22),
(267, '2019-01-04 11:43:11', 1, NULL, 8, 5, 'TestTag1 logout', 22),
(268, '2019-01-04 11:48:08', 1, NULL, 8, 4, 'TestTag1 login', 22),
(269, '2019-01-04 12:23:28', 1, NULL, 8, 5, 'TestTag1 logout', 22),
(270, '2019-01-04 13:44:00', 1, NULL, NULL, 1, '', NULL),
(271, '2019-01-04 13:58:38', 1, NULL, 8, 4, 'TestTag1 login', 22),
(272, '2019-01-04 14:29:41', 1, NULL, 8, 5, 'TestTag1 logout', 22),
(273, '2019-01-04 14:38:14', 1, NULL, 8, 4, 'TestTag1 login', 22),
(274, '2019-01-04 14:46:55', 1, NULL, 8, 5, 'TestTag1 logout', 22),
(275, '2019-01-04 15:26:12', 1, NULL, 8, 4, 'TestTag1 login', 22),
(276, '2019-01-04 16:02:18', 1, NULL, 8, 5, 'TestTag1 logout', 22),
(277, '2019-01-04 16:09:39', 1, NULL, 8, 4, 'TestTag1 login', 22),
(278, '2019-01-04 16:58:51', 1, NULL, 8, 5, 'TestTag1 logout', 22),
(279, '2019-01-05 12:51:39', 1, NULL, NULL, 1, '', NULL),
(280, '2019-01-05 13:08:28', 1, NULL, 8, 4, 'TestTag1 login', 22),
(281, '2019-01-05 13:14:55', 1, NULL, 8, 5, 'TestTag1 logout', 22),
(282, '2019-01-05 13:31:44', 1, NULL, 8, 4, 'TestTag1 login', 22),
(283, '2019-01-05 13:38:09', 1, NULL, 8, 5, 'TestTag1 logout', 22),
(284, '2019-01-05 14:09:34', 1, NULL, 8, 4, 'TestTag1 login', NULL),
(285, '2019-01-09 16:19:28', 1, NULL, NULL, 1, '', NULL),
(286, '2019-01-09 16:20:49', 1, NULL, 8, 4, 'TestTag1 login', NULL),
(287, '2019-01-10 17:02:55', 1, NULL, NULL, 1, '', NULL),
(288, '2019-01-10 17:06:27', 1, NULL, 8, 4, 'TestTag1 login', 22),
(289, '2019-01-10 17:06:37', 1, NULL, 8, 5, 'TestTag1 logout', 22),
(290, '2019-01-10 17:36:28', 1, NULL, 8, 4, 'TestTag1 login', 22),
(291, '2019-01-10 17:49:44', 1, NULL, 8, 5, 'TestTag1 logout', 22),
(292, '2019-01-10 18:09:32', 1, NULL, 8, 4, 'TestTag1 login', 22),
(293, '2019-01-10 18:17:14', 1, NULL, 8, 5, 'TestTag1 logout', 22),
(294, '2019-01-11 15:43:15', 1, NULL, NULL, 1, '', NULL),
(295, '2019-01-11 15:50:32', 1, NULL, 8, 4, 'TestTag1 login', 22),
(296, '2019-01-11 16:19:54', 1, NULL, 8, 5, 'TestTag1 logout', 22),
(297, '2019-01-12 08:59:30', 1, NULL, NULL, 1, '', NULL),
(298, '2019-01-12 09:11:39', 1, NULL, 8, 4, 'TestTag1 login', 22),
(299, '2019-01-12 09:32:48', 1, NULL, 8, 5, 'TestTag1 logout', 22),
(300, '2019-01-12 09:49:33', 1, NULL, 8, 4, 'TestTag1 login', 22),
(301, '2019-01-12 09:59:14', 1, NULL, 8, 5, 'TestTag1 logout', 22),
(302, '2019-01-12 11:28:51', 1, NULL, NULL, 1, '', NULL),
(303, '2019-01-12 11:37:06', 1, NULL, 8, 4, 'TestTag1 login', NULL),
(304, '2019-01-12 12:07:25', 1, NULL, NULL, 1, '', NULL),
(305, '2019-01-12 12:10:12', 1, NULL, 8, 4, 'TestTag1 login', 22),
(306, '2019-01-12 12:38:38', 1, NULL, 8, 5, 'TestTag1 logout', 22),
(307, '2019-01-12 12:41:35', 1, NULL, 8, 4, 'TestTag1 login', 22),
(308, '2019-01-12 12:56:13', 1, NULL, 8, 5, 'TestTag1 logout', 22),
(309, '2019-01-12 12:57:56', 1, NULL, 8, 4, 'TestTag1 login', 22),
(310, '2019-01-12 15:33:52', 1, NULL, 8, 5, 'TestTag1 logout', 22),
(311, '2019-01-15 16:26:37', 1, NULL, NULL, 1, '', NULL),
(312, '2019-01-15 16:27:07', 1, NULL, NULL, 1, '', NULL),
(313, '2019-01-15 16:29:22', 1, NULL, NULL, 1, '', NULL),
(314, '2019-01-15 17:59:02', 1, NULL, NULL, 1, '', NULL),
(315, '2019-01-15 17:59:29', 1, NULL, 8, 4, 'TestTag1 login', 22),
(316, '2019-01-15 18:18:23', 1, NULL, 8, 5, 'TestTag1 logout', 22),
(317, '2019-01-15 18:28:27', 1, NULL, NULL, 1, '', NULL),
(318, '2019-01-15 18:31:12', 1, NULL, 8, 4, 'TestTag1 login', 22),
(319, '2019-01-15 18:34:33', 1, NULL, 8, 5, 'TestTag1 logout', 22),
(320, '2019-01-15 18:37:11', 1, NULL, 8, 4, 'TestTag1 login', 22),
(321, '2019-01-15 18:37:26', 1, NULL, 8, 5, 'TestTag1 logout', 22),
(322, '2019-01-16 17:48:38', 1, NULL, NULL, 1, '', NULL),
(323, '2019-01-16 18:00:49', 1, NULL, 8, 4, 'TestTag1 login', 25),
(324, '2019-01-16 18:00:59', 1, NULL, 8, 5, 'TestTag1 logout', 25),
(325, '2019-01-16 18:01:05', 1, NULL, 8, 4, 'TestTag1 login', 25),
(326, '2019-01-16 18:01:08', 1, NULL, 8, 5, 'TestTag1 logout', 25),
(327, '2019-01-16 18:01:39', 1, NULL, NULL, 6, 'uid:991328677 key error', NULL),
(328, '2019-01-16 18:01:43', 1, NULL, 8, 4, 'TestTag1 login', 25),
(329, '2019-01-16 18:06:40', 1, NULL, 8, 5, 'TestTag1 logout', 25),
(330, '2019-01-16 18:07:24', 1, NULL, 8, 4, 'TestTag1 login', 25),
(331, '2019-01-16 18:59:16', 1, NULL, 8, 5, 'TestTag1 logout', 25),
(332, '2019-01-17 16:12:46', 1, NULL, NULL, 1, '', NULL),
(333, '2019-01-17 16:15:06', 1, NULL, 8, 4, 'TestTag1 login', NULL),
(334, '2019-01-17 17:13:19', 1, NULL, NULL, 1, '', NULL),
(335, '2019-01-17 17:14:40', 1, NULL, NULL, 1, '', NULL),
(336, '2019-01-17 17:23:08', 1, NULL, NULL, 1, '', NULL),
(337, '2019-01-19 12:10:43', 1, NULL, NULL, 1, '', NULL),
(338, '2019-01-19 12:14:11', 1, NULL, 8, 4, 'TestTag1 login', 25),
(339, '2019-01-19 12:40:43', 1, NULL, 8, 5, 'TestTag1 logout', 25),
(340, '2019-01-19 13:26:45', 1, NULL, NULL, 1, '', NULL),
(341, '2019-01-19 13:28:33', 1, NULL, 8, 4, 'TestTag1 login', 25),
(342, '2019-01-19 13:28:52', 1, NULL, 8, 5, 'TestTag1 logout', 25),
(343, '2019-01-19 14:03:01', 1, NULL, NULL, 1, '', NULL),
(344, '2019-01-19 14:05:01', 1, NULL, 8, 4, 'TestTag1 login', 25),
(345, '2019-01-19 14:18:37', 1, NULL, 8, 5, 'TestTag1 logout', 25),
(346, '2019-01-21 14:18:15', 1, NULL, NULL, 1, '', NULL),
(347, '2019-01-22 16:38:04', 1, NULL, NULL, 1, '', NULL),
(348, '2019-01-22 16:38:16', 1, NULL, 8, 4, 'TestTag1 login', 25),
(349, '2019-01-22 16:38:30', 1, NULL, 8, 5, 'TestTag1 logout', 25),
(350, '2019-01-22 17:11:46', 1, NULL, 8, 4, 'TestTag1 login', 25),
(351, '2019-01-22 17:43:49', 1, NULL, 8, 5, 'TestTag1 logout', 25),
(352, '2019-01-22 18:01:22', 1, NULL, 8, 4, 'TestTag1 login', 25),
(353, '2019-01-22 18:09:26', 1, NULL, 8, 5, 'TestTag1 logout', 25),
(354, '2019-01-23 15:18:36', 1, NULL, NULL, 1, '', NULL),
(355, '2019-01-23 15:40:32', 1, NULL, 8, 4, 'TestTag1 login', 25),
(356, '2019-01-23 15:52:42', 1, NULL, 8, 5, 'TestTag1 logout', 25),
(357, '2019-01-23 17:05:48', 1, NULL, 8, 4, 'TestTag1 login', 25),
(358, '2019-01-23 17:25:14', 1, NULL, 8, 5, 'TestTag1 logout', 25),
(359, '2019-01-23 17:47:50', 1, NULL, 8, 4, 'TestTag1 login', 25),
(360, '2019-01-23 18:18:34', 1, NULL, 8, 5, 'TestTag1 logout', 25),
(361, '2019-01-23 18:25:42', 1, NULL, 8, 4, 'TestTag1 login', 25),
(362, '2019-01-23 18:44:35', 1, NULL, 8, 5, 'TestTag1 logout', 25),
(363, '2019-01-24 16:23:56', 1, NULL, NULL, 1, '', NULL),
(364, '2019-01-24 16:37:01', 1, NULL, 8, 4, 'TestTag1 login', 25),
(365, '2019-01-24 16:50:16', 1, NULL, 8, 5, 'TestTag1 logout', 25),
(366, '2019-01-26 11:23:00', 1, NULL, NULL, 1, '', NULL),
(367, '2019-01-26 11:23:13', 1, NULL, 8, 4, 'TestTag1 login', 25),
(368, '2019-01-26 11:30:58', 1, NULL, 8, 5, 'TestTag1 logout', 25),
(369, '2019-01-26 11:47:15', 1, NULL, NULL, 1, '', NULL),
(370, '2019-01-26 11:52:06', 1, NULL, 8, 4, 'TestTag1 login', 25),
(371, '2019-01-26 12:00:54', 1, NULL, 8, 5, 'TestTag1 logout', 25),
(372, '2019-01-26 12:05:29', 1, NULL, 8, 4, 'TestTag1 login', 25),
(373, '2019-01-26 12:14:32', 1, NULL, 8, 5, 'TestTag1 logout', 25),
(374, '2019-01-26 12:16:25', 1, NULL, 8, 4, 'TestTag1 login', 25),
(375, '2019-01-26 12:44:55', 1, NULL, 8, 5, 'TestTag1 logout', 25),
(376, '2019-01-26 13:16:39', 1, NULL, 8, 4, 'TestTag1 login', 25),
(377, '2019-01-26 13:19:50', 1, NULL, 8, 5, 'TestTag1 logout', 25),
(378, '2019-01-26 13:21:37', 1, NULL, NULL, 1, '', NULL),
(379, '2019-01-26 14:18:25', 1, NULL, NULL, 1, '', NULL),
(380, '2019-01-26 14:21:47', 1, NULL, NULL, 1, '', NULL),
(381, '2019-01-26 14:22:03', 1, NULL, 8, 4, 'TestTag1 login', 25),
(382, '2019-01-26 14:37:06', 1, NULL, 8, 5, 'TestTag1 logout', 25),
(383, '2019-01-26 14:49:02', 1, NULL, 8, 4, 'TestTag1 login', NULL),
(384, '2019-01-28 13:22:57', 1, NULL, NULL, 1, '', NULL),
(385, '2019-01-28 13:30:39', 1, NULL, 8, 4, 'TestTag1 login (verm. Bill Zollinger)', 25),
(386, '2019-01-28 13:47:14', 1, NULL, 8, 5, 'TestTag1 logout', 25),
(387, '2019-01-29 17:14:33', 1, NULL, 8, 4, 'TestTag1 login', 25),
(388, '2019-01-29 17:43:37', 1, NULL, 8, 5, 'TestTag1 logout', 25),
(389, '2019-01-29 17:14:17', 1, NULL, -1, 1, '', NULL),
(390, '2019-01-30 15:59:31', 1, NULL, NULL, 1, '', NULL),
(391, '2019-01-30 16:08:38', 1, NULL, 8, 4, 'TestTag1 login', 25),
(392, '2019-01-30 16:08:49', 1, NULL, 8, 5, 'TestTag1 logout', 25),
(393, '2019-01-30 16:15:23', 1, NULL, 8, 4, 'TestTag1 login', 25),
(394, '2019-01-30 16:18:20', 1, NULL, 8, 5, 'TestTag1 logout', 25),
(395, '2019-01-30 16:21:52', 1, NULL, 8, 4, 'TestTag1 login', 25),
(396, '2019-01-30 16:23:35', 1, NULL, 8, 5, 'TestTag1 logout', 25),
(397, '2019-01-30 16:39:46', 1, NULL, 8, 4, 'TestTag1 login', 25),
(398, '2019-01-30 16:41:48', 1, NULL, 8, 5, 'TestTag1 logout', 25),
(399, '2019-01-30 16:42:50', 1, NULL, 8, 4, 'TestTag1 login', 25),
(400, '2019-01-30 16:46:06', 1, NULL, 8, 5, 'TestTag1 logout', 25),
(401, '2019-01-30 16:48:09', 1, NULL, 8, 4, 'TestTag1 login', 25),
(402, '2019-01-30 16:49:06', 1, NULL, 8, 5, 'TestTag1 logout', 25),
(403, '2019-01-30 16:59:53', 1, NULL, 8, 4, 'TestTag1 login', 25),
(404, '2019-01-30 17:06:48', 1, NULL, 8, 5, 'TestTag1 logout', 25),
(405, '2019-01-30 17:08:46', 1, NULL, 8, 4, 'TestTag1 login', 25),
(406, '2019-01-30 17:32:21', 1, NULL, 8, 5, 'TestTag1 logout', 25),
(407, '2019-01-30 17:33:47', 1, NULL, 8, 4, 'TestTag1 login', 25),
(408, '2019-01-30 17:42:27', 1, NULL, 8, 5, 'TestTag1 logout', 25),
(409, '2019-01-30 17:44:07', 1, NULL, 8, 4, 'TestTag1 login', 25),
(410, '2019-01-30 17:46:40', 1, NULL, 8, 5, 'TestTag1 logout', 25),
(411, '2019-01-30 19:43:56', 1, NULL, NULL, 1, '', NULL),
(412, '2019-01-30 20:00:02', 1, NULL, 8, 4, 'TestTag1 login', 25),
(413, '2019-01-30 20:22:00', 1, NULL, 8, 5, 'TestTag1 logout', 25),
(414, '2019-01-30 20:49:32', 1, NULL, 8, 4, 'TestTag1 login', 25),
(415, '2019-01-30 21:14:09', 1, NULL, 8, 5, 'TestTag1 logout', 25),
(416, '2019-01-30 21:36:08', 1, NULL, 8, 4, 'TestTag1 login', 25),
(417, '2019-01-30 21:49:38', 1, NULL, 8, 5, 'TestTag1 logout', 25),
(418, '2019-02-01 18:58:02', 1, NULL, NULL, 1, '', NULL),
(419, '2019-02-01 19:00:05', 1, NULL, 8, 4, 'TestTag1 login', 25),
(420, '2019-02-01 19:08:22', 1, NULL, 8, 5, 'TestTag1 logout', 25),
(421, '2019-02-02 12:31:23', 1, NULL, NULL, 1, '', NULL),
(422, '2019-02-02 12:34:31', 1, NULL, 8, 4, 'TestTag1 login', NULL),
(423, '2019-02-05 17:19:38', 1, NULL, NULL, 1, '', NULL),
(424, '2019-02-05 17:22:02', 1, NULL, 8, 4, 'TestTag1 login', NULL),
(425, '2019-02-06 14:31:17', 1, NULL, NULL, 1, '', NULL),
(426, '2019-02-06 14:31:33', 1, NULL, 8, 4, 'TestTag1 login', 25),
(427, '2019-02-06 14:31:43', 1, NULL, 8, 5, 'TestTag1 logout', 25),
(428, '2019-02-06 16:29:30', 1, NULL, NULL, 1, '', NULL),
(429, '2019-02-06 17:18:11', 1, NULL, 8, 4, 'TestTag1 login', NULL),
(430, '2019-02-09 12:45:45', 1, NULL, NULL, 1, '', NULL),
(431, '2019-02-09 12:45:59', 1, NULL, 8, 4, 'TestTag1 login', 25),
(432, '2019-02-09 12:46:07', 1, NULL, 8, 5, 'TestTag1 logout', 25),
(433, '2019-02-09 13:02:26', 1, NULL, 8, 4, 'TestTag1 login', 25),
(434, '2019-02-09 13:11:03', 1, NULL, 8, 5, 'TestTag1 logout', 25),
(435, '2019-02-09 13:41:24', 1, NULL, NULL, 1, '', NULL),
(436, '2019-02-09 13:41:41', 1, NULL, NULL, 6, 'uid:991453392 denied', NULL),
(437, '2019-02-09 13:48:17', 1, NULL, 8, 4, 'TestTag1 login', 25),
(438, '2019-02-09 13:48:19', 1, NULL, 8, 5, 'TestTag1 logout', 25),
(439, '2019-02-12 14:20:52', 1, NULL, NULL, 1, '', NULL),
(440, '2019-02-12 14:25:26', 1, NULL, 8, 4, 'TestTag1 login', 25),
(441, '2019-02-12 15:06:29', 1, NULL, 8, 5, 'TestTag1 logout', 25),
(442, '2019-02-12 15:09:50', 1, NULL, 8, 4, 'TestTag1 login', 25),
(443, '2019-02-12 16:24:59', 1, NULL, 8, 5, 'TestTag1 logout', 25),
(444, '2019-02-12 16:25:46', 1, NULL, 8, 4, 'TestTag1 login', 25),
(445, '2019-02-12 16:57:53', 1, NULL, 8, 5, 'TestTag1 logout', 25),
(446, '2019-02-12 16:59:25', 1, NULL, 8, 4, 'TestTag1 login', 25),
(447, '2019-02-12 17:11:12', 1, NULL, 8, 5, 'TestTag1 logout', 25),
(448, '2019-02-12 17:14:46', 1, NULL, 8, 4, 'TestTag1 login', 25),
(449, '2019-02-12 18:38:24', 1, NULL, 8, 5, 'TestTag1 logout', 25),
(450, '2019-02-12 18:51:45', 1, NULL, 8, 4, 'TestTag1 login', 25),
(451, '2019-02-12 18:51:47', 1, NULL, 8, 5, 'TestTag1 logout', 25),
(452, '2019-02-16 12:10:24', 1, NULL, NULL, 1, '', NULL),
(453, '2019-02-16 12:44:54', 1, NULL, NULL, 6, 'uid:991328677 key error', NULL),
(454, '2019-02-16 00:45:30', 1, NULL, 8, 4, 'TestTag1 Login (Max Gmür)', NULL),
(465, '2019-02-20 17:52:10', 1, NULL, NULL, 1, '', NULL),
(466, '2019-02-20 17:52:16', 1, NULL, 8, 4, 'TestTag1 login', 25),
(467, '2019-02-20 18:08:15', 1, NULL, 8, 5, 'TestTag1 logout', 25),
(468, '2019-02-20 18:45:59', 1, NULL, 8, 4, 'TestTag1 login', 25),
(469, '2019-02-20 18:47:23', 1, NULL, 8, 5, 'TestTag1 logout', 25),
(470, '2019-02-20 18:52:28', 1, NULL, 8, 4, 'TestTag1 login', 25),
(471, '2019-02-20 18:53:09', 1, NULL, 8, 5, 'TestTag1 logout', 25),
(472, '2019-02-21 16:20:02', 1, NULL, NULL, 1, '', NULL),
(473, '2019-02-21 16:27:35', 1, NULL, 8, 4, 'TestTag1 login', 25),
(474, '2019-02-21 17:24:06', 1, NULL, 8, 5, 'TestTag1 logout', 25),
(475, '2019-02-21 17:31:18', 1, NULL, 8, 4, 'TestTag1 login', NULL),
(476, '2019-02-21 18:24:06', 1, NULL, NULL, 1, '', NULL),
(477, '2019-02-21 18:25:12', 1, NULL, 8, 4, 'TestTag1 login', 25),
(478, '2019-02-21 18:42:01', 1, NULL, 8, 5, 'TestTag1 logout', 25),
(479, '2019-02-21 18:48:01', 1, NULL, 8, 4, 'TestTag1 login', NULL),
(480, '2019-02-21 19:27:29', 1, NULL, NULL, 1, '', NULL),
(481, '2019-02-21 19:35:51', 1, NULL, NULL, 1, '', NULL),
(482, '2019-02-22 18:00:44', 1, NULL, NULL, 1, '', NULL),
(483, '2019-02-22 18:23:04', 1, NULL, 8, 4, 'TestTag1 login', 25),
(484, '2019-02-22 18:23:06', 1, NULL, 8, 5, 'TestTag1 logout', 25),
(485, '2019-02-22 18:24:02', 1, NULL, 8, 4, 'TestTag1 login', NULL),
(486, '2019-02-23 08:45:00', 1, NULL, NULL, 1, '', NULL),
(487, '2019-02-23 08:50:45', 1, NULL, 8, 4, 'TestTag1 login', 25),
(488, '2019-02-23 09:18:41', 1, NULL, 8, 5, 'TestTag1 logout', 25),
(489, '2019-02-23 10:58:12', 1, NULL, NULL, 1, '', NULL),
(490, '2019-02-23 10:58:19', 1, NULL, 8, 4, 'TestTag1 login', 25),
(491, '2019-02-23 11:05:18', 1, NULL, 8, 5, 'TestTag1 logout', 25),
(492, '2019-02-23 11:26:32', 1, NULL, 8, 4, 'TestTag1 login', 25),
(493, '2019-02-23 11:29:29', 1, NULL, 8, 5, 'TestTag1 logout', 25),
(494, '2019-02-23 11:57:38', 1, NULL, 8, 4, 'TestTag1 login', 25),
(495, '2019-02-23 11:59:39', 1, NULL, 8, 5, 'TestTag1 logout', 25),
(496, '2019-02-23 12:16:06', 1, NULL, 8, 4, 'TestTag1 login', 25),
(497, '2019-02-23 12:18:25', 1, NULL, 8, 5, 'TestTag1 logout', 25),
(498, '2019-02-23 12:31:46', 1, NULL, NULL, 1, '', NULL),
(499, '2019-02-23 12:33:50', 1, NULL, 8, 4, 'TestTag1 login', 25),
(500, '2019-02-23 12:33:54', 1, NULL, 8, 5, 'TestTag1 logout', 25),
(501, '2019-02-23 12:44:12', 1, NULL, 8, 4, 'TestTag1 login', NULL),
(502, '2019-02-23 14:44:44', 1, NULL, NULL, 1, '', NULL),
(503, '2019-02-25 16:51:17', 1, NULL, NULL, 1, '', NULL),
(504, '2019-02-25 16:59:35', 1, NULL, 8, 4, 'TestTag1 login', 25),
(505, '2019-02-25 17:26:30', 1, NULL, 8, 5, 'TestTag1 logout', 25),
(506, '2019-02-25 17:28:41', 1, NULL, 8, 4, 'TestTag1 login', 25),
(507, '2019-02-25 18:52:04', 1, NULL, 8, 5, 'TestTag1 logout', 25),
(508, '2019-02-27 17:10:20', 1, NULL, NULL, 1, '', NULL),
(509, '2019-02-27 17:14:56', 1, NULL, 8, 4, 'TestTag1 login', 25),
(510, '2019-02-27 17:14:59', 1, NULL, 8, 5, 'TestTag1 logout', 25),
(511, '2019-02-27 17:21:10', 1, NULL, 8, 4, 'TestTag1 login', 25),
(512, '2019-02-27 17:31:12', 1, NULL, 8, 5, 'TestTag1 logout', 25),
(513, '2019-02-27 18:34:31', 1, NULL, 8, 4, 'TestTag1 login', NULL),
(514, '2019-03-02 10:05:45', 1, NULL, NULL, 1, '', NULL),
(515, '2019-03-02 10:14:18', 1, NULL, NULL, 1, '', NULL),
(516, '2019-03-02 10:17:02', 1, NULL, NULL, 1, '', NULL),
(517, '2019-03-02 10:49:08', 1, NULL, NULL, 1, '', NULL),
(518, '2019-03-02 11:45:35', 1, NULL, NULL, 1, '', NULL),
(519, '2019-03-02 11:50:45', 1, NULL, 8, 4, 'TestTag1 login', 25),
(520, '2019-03-02 11:57:44', 1, NULL, 8, 5, 'TestTag1 logout', 25),
(521, '2019-03-02 12:08:39', 1, NULL, NULL, 1, '', NULL),
(522, '2019-03-02 12:21:30', 1, NULL, 8, 4, 'TestTag1 login', 25),
(523, '2019-03-02 12:29:22', 1, NULL, 8, 5, 'TestTag1 logout', 25),
(524, '2019-03-02 12:57:35', 1, NULL, 8, 4, 'TestTag1 login', 25),
(525, '2019-03-02 13:00:08', 1, NULL, 8, 5, 'TestTag1 logout', 25),
(526, '2019-03-02 13:12:30', 1, NULL, 8, 4, 'TestTag1 login', 25),
(527, '2019-03-02 14:00:04', 1, NULL, 8, 5, 'TestTag1 logout', 25),
(528, '2019-03-02 14:00:05', 1, NULL, 8, 4, 'TestTag1 login', 25),
(529, '2019-03-02 14:49:24', 1, NULL, 8, 5, 'TestTag1 logout', 25),
(530, '2019-03-05 16:50:21', 1, NULL, NULL, 1, '', NULL),
(531, '2019-03-05 17:10:31', 1, NULL, 8, 4, 'TestTag1 login', 25),
(532, '2019-03-05 17:26:21', 1, NULL, 8, 5, 'TestTag1 logout', 25),
(533, '2019-03-05 17:26:28', 1, NULL, 8, 4, 'TestTag1 login', 25),
(534, '2019-03-05 17:26:31', 1, NULL, 8, 5, 'TestTag1 logout', 25),
(556, '2019-03-06 09:48:12', 1, NULL, NULL, 1, '', NULL),
(557, '2019-03-06 09:48:35', 1, NULL, 8, 4, 'TestTag1 login', 25),
(558, '2019-03-06 10:22:19', 1, NULL, 8, 5, 'TestTag1 logout', 25),
(559, '2019-03-09 10:40:14', 1, NULL, NULL, 1, '', NULL),
(560, '2019-03-09 10:57:34', 1, NULL, 8, 4, 'TestTag1 login', 25),
(561, '2019-03-09 11:11:28', 1, NULL, 8, 5, 'TestTag1 logout', 25),
(562, '2019-03-09 11:14:40', 1, NULL, 8, 4, 'TestTag1 login', 25),
(563, '2019-03-09 11:32:41', 1, NULL, 8, 5, 'TestTag1 logout', 25),
(564, '2019-03-09 11:50:39', 1, NULL, 8, 4, 'TestTag1 login', 25),
(565, '2019-03-09 12:28:20', 1, NULL, 8, 5, 'TestTag1 logout', 25),
(566, '2019-03-09 12:28:34', 1, NULL, 8, 4, 'TestTag1 login', 25),
(567, '2019-03-09 12:28:43', 1, NULL, 8, 5, 'TestTag1 logout', 25),
(568, '2019-03-09 12:34:54', 1, NULL, 8, 4, 'TestTag1 login', 25),
(569, '2019-03-09 12:48:17', 1, NULL, 8, 5, 'TestTag1 logout', 25),
(570, '2019-03-09 13:20:59', 1, NULL, 8, 4, 'TestTag1 login', 25),
(571, '2019-03-09 13:23:48', 1, NULL, 8, 5, 'TestTag1 logout', 25),
(572, '2019-03-09 13:35:42', 1, NULL, 8, 4, 'TestTag1 login', 25),
(573, '2019-03-09 13:47:00', 1, NULL, 8, 5, 'TestTag1 logout', 25),
(574, '2019-03-09 13:50:04', 1, NULL, 8, 4, 'TestTag1 login', 25),
(575, '2019-03-09 13:55:21', 1, NULL, 8, 5, 'TestTag1 logout', 25),
(576, '2019-03-09 14:44:19', 1, NULL, 8, 4, 'TestTag1 login', 25),
(577, '2019-03-09 15:09:17', 1, NULL, 8, 5, 'TestTag1 logout', 25),
(578, '2019-03-12 16:12:54', 1, NULL, NULL, 1, '', NULL),
(579, '2019-03-12 16:14:47', 1, NULL, 8, 4, 'TestTag1 login', 25),
(580, '2019-03-12 16:14:49', 1, NULL, 8, 5, 'TestTag1 logout', 25),
(581, '2019-03-12 16:27:37', 1, NULL, 8, 4, 'TestTag1 login', NULL),
(582, '2019-03-13 15:55:01', 1, NULL, NULL, 1, '', NULL),
(583, '2019-03-13 16:09:45', 1, NULL, 8, 4, 'TestTag1 login', NULL),
(584, '2019-03-13 16:24:36', 1, NULL, NULL, 1, '', NULL),
(585, '2019-03-13 16:26:54', 1, NULL, NULL, 1, '', NULL),
(586, '2019-03-13 18:08:57', 1, NULL, NULL, 1, '', NULL),
(587, '2019-03-13 18:09:24', 1, NULL, 8, 4, 'TestTag1 login', 25),
(588, '2019-03-13 18:11:05', 1, NULL, 8, 5, 'TestTag1 logout', 25),
(589, '2019-03-14 13:04:51', 1, NULL, NULL, 1, '', NULL),
(590, '2019-03-14 13:18:51', 1, NULL, 8, 4, 'TestTag1 login', NULL),
(600, '2019-03-14 16:37:21', 1, NULL, 8, 4, 'TestTag1 login', 25),
(601, '2019-03-14 17:02:06', 1, NULL, 8, 5, 'TestTag1 logout', 25),
(602, '2019-03-14 16:37:17', 1, NULL, -1, 1, '', NULL),
(603, '2019-03-14 17:04:57', 1, NULL, 8, 4, 'TestTag1 login', 25),
(604, '2019-03-14 17:05:00', 1, NULL, 8, 5, 'TestTag1 logout', 25),
(605, '2019-03-16 11:55:41', 1, NULL, NULL, 1, '', NULL),
(606, '2019-03-16 11:56:01', 1, NULL, 8, 4, 'TestTag1 login', 25),
(607, '2019-03-16 11:56:08', 1, NULL, 8, 5, 'TestTag1 logout', 25),
(608, '2019-03-16 11:56:13', 1, NULL, 8, 4, 'TestTag1 login', 25),
(609, '2019-03-16 11:56:20', 1, NULL, 8, 5, 'TestTag1 logout', 25),
(610, '2019-03-16 12:05:39', 1, NULL, 8, 4, 'TestTag1 login', 25),
(611, '2019-03-16 12:39:29', 1, NULL, 8, 5, 'TestTag1 logout', 25),
(612, '2019-03-16 12:53:12', 1, NULL, 8, 4, 'TestTag1 login', 25),
(613, '2019-03-16 13:05:15', 1, NULL, 8, 5, 'TestTag1 logout', 25),
(614, '2019-03-16 13:11:06', 1, NULL, 8, 4, 'TestTag1 login', 25),
(615, '2019-03-16 13:24:58', 1, NULL, 8, 5, 'TestTag1 logout', 25),
(616, '2019-03-16 13:33:14', 1, NULL, 8, 4, 'TestTag1 login', 25),
(617, '2019-03-16 13:37:46', 1, NULL, 8, 5, 'TestTag1 logout', 25),
(618, '2019-03-16 13:54:29', 1, NULL, 8, 4, 'TestTag1 login', 25),
(619, '2019-03-16 15:04:45', 1, NULL, 8, 5, 'TestTag1 logout', 25),
(620, '2019-03-20 16:21:18', 1, NULL, NULL, 1, '', NULL),
(621, '2019-03-20 16:25:53', 1, NULL, 8, 4, 'TestTag1 login', 25),
(622, '2019-03-20 16:26:14', 1, NULL, 8, 5, 'TestTag1 logout', 25),
(623, '2019-03-20 16:26:16', 1, NULL, 8, 4, 'TestTag1 login', 25),
(624, '2019-03-20 16:28:39', 1, NULL, 8, 5, 'TestTag1 logout', 25),
(625, '2019-03-20 16:28:49', 1, NULL, 8, 4, 'TestTag1 login', 25),
(626, '2019-03-20 16:29:38', 1, NULL, 8, 5, 'TestTag1 logout', 25),
(627, '2019-03-20 16:29:41', 1, NULL, 8, 4, 'TestTag1 login', 25),
(628, '2019-03-20 16:30:53', 1, NULL, 8, 5, 'TestTag1 logout', 25),
(629, '2019-03-20 16:31:10', 1, NULL, 8, 4, 'TestTag1 login', 25),
(630, '2019-03-20 16:36:35', 1, NULL, 8, 5, 'TestTag1 logout', 25),
(631, '2019-03-20 17:31:59', 1, NULL, 8, 4, 'TestTag1 login', 25),
(632, '2019-03-20 17:49:38', 1, NULL, 8, 5, 'TestTag1 logout', 25),
(633, '2019-03-20 17:56:14', 1, NULL, 8, 4, 'TestTag1 login', 25),
(634, '2019-03-20 18:04:49', 1, NULL, 8, 5, 'TestTag1 logout', 25),
(635, '2019-03-21 16:14:12', 1, NULL, NULL, 1, '', NULL),
(636, '2019-03-21 16:23:56', 1, NULL, 8, 4, 'TestTag1 login', 25),
(637, '2019-03-21 16:37:12', 1, NULL, 8, 5, 'TestTag1 logout', 25),
(638, '2019-03-21 16:43:59', 1, NULL, 8, 4, 'TestTag1 login', 25),
(639, '2019-03-21 17:01:10', 1, NULL, 8, 5, 'TestTag1 logout', 25),
(640, '2019-03-23 06:35:11', 1, NULL, NULL, 1, '', NULL),
(641, '2019-03-23 06:47:14', 1, NULL, 8, 4, 'TestTag1 login', 25),
(642, '2019-03-23 07:59:29', 1, NULL, 8, 5, 'TestTag1 logout', 25),
(643, '2019-03-23 08:27:53', 1, NULL, 8, 4, 'TestTag1 login', 25),
(644, '2019-03-23 09:01:32', 1, NULL, 8, 5, 'TestTag1 logout', 25),
(645, '2019-03-23 09:06:46', 1, NULL, 8, 4, 'TestTag1 login', 25),
(646, '2019-03-23 10:10:59', 1, NULL, 8, 5, 'TestTag1 logout', 25),
(647, '2019-03-23 12:40:41', 1, NULL, NULL, 1, '', NULL),
(648, '2019-03-23 12:40:54', 1, NULL, 8, 4, 'TestTag1 login', 25),
(649, '2019-03-23 13:19:21', 1, NULL, 8, 5, 'TestTag1 logout', 25),
(650, '2019-03-23 13:19:27', 1, NULL, 8, 4, 'TestTag1 login', 25),
(651, '2019-03-23 13:43:12', 1, NULL, 8, 5, 'TestTag1 logout', 25),
(652, '2019-03-23 13:44:19', 1, NULL, NULL, 1, '', NULL),
(653, '2019-03-23 13:47:47', 1, NULL, 8, 4, 'TestTag1 login', 25),
(654, '2019-03-23 14:33:35', 1, NULL, 8, 5, 'TestTag1 logout', 25),
(655, '2019-03-23 14:44:18', 1, NULL, 8, 4, 'TestTag1 login', 25),
(656, '2019-03-23 14:44:35', 1, NULL, 8, 5, 'TestTag1 logout', 25),
(657, '2019-03-25 16:15:03', 1, NULL, NULL, 1, '', NULL),
(658, '2019-03-25 16:23:34', 1, NULL, 8, 4, 'TestTag1 login', NULL),
(659, '2019-03-25 17:40:50', 1, NULL, NULL, 1, '', NULL),
(660, '2019-03-25 17:58:07', 1, NULL, 8, 4, 'TestTag1 login', NULL),
(661, '2019-03-26 16:07:30', 1, NULL, NULL, 1, '', NULL),
(662, '2019-03-26 16:28:20', 1, NULL, 8, 4, 'TestTag1 login', NULL),
(663, '2019-03-27 16:06:55', 1, NULL, NULL, 1, '', NULL),
(664, '2019-03-27 16:27:39', 1, NULL, 8, 4, 'TestTag1 login', 25),
(665, '2019-03-27 18:05:49', 1, NULL, 8, 5, 'TestTag1 logout', 25),
(666, '2019-03-27 18:16:19', 1, NULL, 8, 4, 'TestTag1 login', 25),
(667, '2019-03-27 18:41:32', 1, NULL, 8, 5, 'TestTag1 logout', 25),
(668, '2019-03-28 16:03:06', 1, NULL, NULL, 1, '', NULL),
(669, '2019-03-28 16:19:00', 1, NULL, 8, 4, 'TestTag1 login', 25),
(670, '2019-03-28 16:19:06', 1, NULL, 8, 5, 'TestTag1 logout', 25),
(671, '2019-03-28 16:19:18', 1, NULL, NULL, 6, 'uid:991328677 key error', NULL),
(672, '2019-03-28 16:19:21', 1, NULL, 8, 4, 'TestTag1 login', 25),
(673, '2019-03-28 16:24:52', 1, NULL, 8, 5, 'TestTag1 logout', 25),
(674, '2019-03-28 16:31:28', 1, NULL, 8, 4, 'TestTag1 login', NULL),
(675, '2019-03-28 17:12:23', 1, NULL, NULL, 1, '', NULL),
(676, '2019-03-28 17:20:57', 1, NULL, 8, 4, 'TestTag1 login', 25),
(677, '2019-03-28 17:21:07', 1, NULL, 8, 5, 'TestTag1 logout', 25),
(678, '2019-03-28 17:26:19', 1, NULL, 8, 4, 'TestTag1 login', 25),
(679, '2019-03-28 17:28:39', 1, NULL, 8, 5, 'TestTag1 logout', 25),
(680, '2019-03-28 17:32:52', 1, NULL, 8, 4, 'TestTag1 login', 25),
(681, '2019-03-28 17:37:53', 1, NULL, 8, 5, 'TestTag1 logout', 25),
(682, '2019-03-28 18:02:01', 1, NULL, 8, 4, 'TestTag1 login', 25),
(683, '2019-03-28 18:05:25', 1, NULL, 8, 5, 'TestTag1 logout', 25),
(684, '2019-03-28 18:08:09', 1, NULL, 8, 4, 'TestTag1 login', 25),
(685, '2019-03-28 18:13:45', 1, NULL, 8, 5, 'TestTag1 logout', 25),
(686, '2019-03-28 18:25:13', 1, NULL, 8, 4, 'TestTag1 login', 25),
(687, '2019-03-28 18:50:48', 1, NULL, 8, 5, 'TestTag1 logout', 25),
(688, '2019-03-28 19:02:14', 1, NULL, 8, 4, 'TestTag1 login', 25),
(689, '2019-03-28 19:07:41', 1, NULL, 8, 5, 'TestTag1 logout', 25),
(690, '2019-03-30 10:52:51', 1, NULL, NULL, 1, '', NULL),
(691, '2019-03-30 10:56:27', 1, NULL, 8, 4, 'TestTag1 login', 25),
(692, '2019-03-30 11:18:24', 1, NULL, 8, 5, 'TestTag1 logout', 25),
(693, '2019-04-02 14:48:42', 1, NULL, NULL, 1, '', NULL),
(694, '2019-04-02 14:48:57', 1, NULL, 8, 4, 'TestTag1 login', 25),
(695, '2019-04-02 14:48:59', 1, NULL, 8, 5, 'TestTag1 logout', 25),
(696, '2019-04-03 14:47:28', 1, NULL, NULL, 1, '', NULL),
(697, '2019-04-03 15:06:11', 1, NULL, 8, 4, 'TestTag1 login', 25),
(698, '2019-04-03 15:29:09', 1, NULL, 8, 5, 'TestTag1 logout', 25),
(699, '2019-04-03 16:00:57', 1, NULL, NULL, 1, '', NULL),
(700, '2019-04-03 16:26:45', 1, NULL, 8, 4, 'TestTag1 login', 25),
(701, '2019-04-03 16:27:38', 1, NULL, 8, 5, 'TestTag1 logout', 25),
(702, '2019-04-03 16:27:56', 1, NULL, 8, 4, 'TestTag1 login', 25),
(703, '2019-04-03 16:34:28', 1, NULL, 8, 5, 'TestTag1 logout', 25),
(704, '2019-04-03 16:43:48', 1, NULL, 8, 4, 'TestTag1 login', 25),
(705, '2019-04-03 16:50:25', 1, NULL, 8, 5, 'TestTag1 logout', 25),
(706, '2019-04-03 16:57:04', 1, NULL, 8, 4, 'TestTag1 login', NULL),
(707, '2019-04-04 10:45:00', 1, NULL, NULL, 1, '', NULL),
(708, '2019-04-04 10:48:05', 1, NULL, 8, 4, 'TestTag1 login', 25),
(709, '2019-04-04 11:13:34', 1, NULL, 8, 5, 'TestTag1 logout', 25),
(710, '2019-04-04 11:25:05', 1, NULL, 8, 4, 'TestTag1 login', 25),
(711, '2019-04-04 11:45:46', 1, NULL, 8, 5, 'TestTag1 logout', 25),
(712, '2019-04-04 13:01:09', 1, NULL, NULL, 1, '', NULL),
(713, '2019-04-04 13:06:34', 1, NULL, 8, 4, 'TestTag1 login', 25),
(714, '2019-04-04 13:24:16', 1, NULL, 8, 5, 'TestTag1 logout', 25),
(715, '2019-04-04 13:36:23', 1, NULL, 8, 4, 'TestTag1 login', 25),
(716, '2019-04-04 13:44:40', 1, NULL, 8, 5, 'TestTag1 logout', 25),
(717, '2019-04-04 15:26:20', 1, NULL, NULL, 1, '', NULL),
(718, '2019-04-04 15:26:57', 1, NULL, 8, 4, 'TestTag1 login', 25),
(719, '2019-04-04 15:35:15', 1, NULL, 8, 5, 'TestTag1 logout', 25),
(720, '2019-04-04 15:35:20', 1, NULL, 8, 4, 'TestTag1 login', 25),
(721, '2019-04-04 16:19:36', 1, NULL, 8, 5, 'TestTag1 logout', 25),
(722, '2019-04-04 16:29:24', 1, NULL, 8, 4, 'TestTag1 login', 25),
(723, '2019-04-04 17:02:34', 1, NULL, 8, 5, 'TestTag1 logout', 25),
(724, '2019-04-06 08:56:25', 1, NULL, NULL, 1, '', NULL),
(725, '2019-04-06 09:01:10', 1, NULL, 8, 4, 'TestTag1 login', 25),
(726, '2019-04-06 09:26:02', 1, NULL, 8, 5, 'TestTag1 logout', 25),
(727, '2019-04-06 09:29:51', 1, NULL, 8, 4, 'TestTag1 login', 25),
(728, '2019-04-06 09:46:19', 1, NULL, 8, 5, 'TestTag1 logout', 25),
(729, '2019-04-06 11:21:04', 1, NULL, 8, 4, 'TestTag1 login', 25),
(730, '2019-04-06 11:35:21', 1, NULL, 8, 5, 'TestTag1 logout', 25),
(731, '2019-04-06 11:20:57', 1, NULL, -1, 1, '', NULL),
(732, '2019-04-06 12:12:01', 1, NULL, 8, 4, 'TestTag1 login', 25),
(733, '2019-04-06 12:33:14', 1, NULL, 8, 5, 'TestTag1 logout', 25),
(734, '2019-04-07 09:32:31', 1, NULL, NULL, 1, '', NULL),
(735, '2019-04-07 09:53:09', 1, NULL, 8, 4, 'TestTag1 login', 25),
(736, '2019-04-07 09:59:48', 1, NULL, 8, 5, 'TestTag1 logout', 25),
(737, '2019-04-09 14:22:57', 1, NULL, NULL, 1, '', NULL),
(738, '2019-04-09 14:52:00', 1, NULL, 8, 4, 'TestTag1 login', 25),
(739, '2019-04-09 14:55:36', 1, NULL, 8, 5, 'TestTag1 logout', 25),
(740, '2019-04-09 14:56:43', 1, NULL, 8, 4, 'TestTag1 login', 25),
(741, '2019-04-09 15:39:56', 1, NULL, 8, 5, 'TestTag1 logout', 25),
(742, '2019-04-09 15:40:00', 1, NULL, 8, 4, 'TestTag1 login', 25),
(743, '2019-04-09 16:20:34', 1, NULL, 8, 5, 'TestTag1 logout', 25),
(744, '2019-04-09 17:22:05', 1, NULL, 8, 4, 'TestTag1 login', 25),
(745, '2019-04-09 17:33:39', 1, NULL, 8, 5, 'TestTag1 logout', 25),
(746, '2019-04-10 14:07:20', 1, NULL, NULL, 1, '', NULL),
(747, '2019-04-10 14:10:57', 1, NULL, 8, 4, 'TestTag1 login', 25),
(748, '2019-04-10 14:27:01', 1, NULL, 8, 5, 'TestTag1 logout', 25),
(749, '2019-04-10 14:56:20', 1, NULL, 8, 4, 'TestTag1 login', NULL),
(750, '2019-04-11 14:27:45', 1, NULL, NULL, 1, '', NULL),
(751, '2019-04-11 14:39:39', 1, NULL, 8, 4, 'TestTag1 login', 25),
(752, '2019-04-11 14:39:42', 1, NULL, 8, 5, 'TestTag1 logout', 25),
(753, '2019-04-11 15:01:05', 1, NULL, 8, 4, 'TestTag1 login', 25),
(754, '2019-04-11 15:53:21', 1, NULL, 8, 5, 'TestTag1 logout', 25),
(755, '2019-04-11 16:09:05', 1, NULL, 8, 4, 'TestTag1 login', NULL),
(756, '2019-04-12 04:07:03', 1, NULL, NULL, 1, '', NULL),
(757, '2019-04-12 04:11:07', 1, NULL, 8, 4, 'TestTag1 login', 25),
(758, '2019-04-12 04:53:18', 1, NULL, 8, 5, 'TestTag1 logout', 25),
(759, '2019-04-13 09:07:59', 1, NULL, NULL, 1, '', NULL),
(760, '2019-04-13 09:14:07', 1, NULL, 8, 4, 'TestTag1 login', 25),
(761, '2019-04-13 09:16:58', 1, NULL, 8, 5, 'TestTag1 logout', 25),
(762, '2019-04-13 09:24:59', 1, NULL, 8, 4, 'TestTag1 login', 25),
(763, '2019-04-13 09:33:11', 1, NULL, 8, 5, 'TestTag1 logout', 25),
(764, '2019-04-13 09:45:51', 1, NULL, 8, 4, 'TestTag1 login', 25),
(765, '2019-04-13 09:48:31', 1, NULL, 8, 5, 'TestTag1 logout', 25),
(766, '2019-04-13 10:05:22', 1, NULL, 8, 4, 'TestTag1 login', 25),
(767, '2019-04-13 10:19:25', 1, NULL, 8, 5, 'TestTag1 logout', 25),
(768, '2019-04-13 10:22:38', 1, NULL, 8, 4, 'TestTag1 login', 25),
(769, '2019-04-13 10:28:52', 1, NULL, 8, 5, 'TestTag1 logout', 25),
(770, '2019-04-13 10:43:57', 1, NULL, 8, 4, 'TestTag1 login', 25),
(771, '2019-04-13 10:54:39', 1, NULL, 8, 5, 'TestTag1 logout', 25),
(772, '2019-04-13 12:05:15', 1, NULL, 8, 4, 'TestTag1 login', 25),
(773, '2019-04-13 12:08:00', 1, NULL, 8, 5, 'TestTag1 logout', 25),
(774, '2019-04-13 12:08:51', 1, NULL, 8, 4, 'TestTag1 login', 25),
(775, '2019-04-13 12:30:44', 1, NULL, 8, 5, 'TestTag1 logout', 25),
(776, '2019-04-13 12:33:18', 1, NULL, 8, 4, 'TestTag1 login', 25),
(777, '2019-04-13 13:01:18', 1, NULL, 8, 5, 'TestTag1 logout', 25),
(778, '2019-04-13 13:03:15', 1, NULL, 8, 4, 'TestTag1 login', 25),
(779, '2019-04-13 13:03:17', 1, NULL, 8, 5, 'TestTag1 logout', 25),
(780, '2019-04-14 11:34:59', 1, NULL, 8, 5, 'TestTag1 logout', 25),
(781, '2019-04-14 11:34:54', 1, NULL, 8, 4, 'TestTag1 login', 25),
(782, '2019-04-14 11:34:51', 1, NULL, -1, 1, '', NULL),
(783, '2019-04-16 14:35:49', 1, NULL, NULL, 1, '', NULL),
(784, '2019-04-16 14:36:47', 1, NULL, 8, 4, 'TestTag1 login', 25),
(785, '2019-04-16 14:36:59', 1, NULL, 8, 5, 'TestTag1 logout', 25),
(786, '2019-04-16 14:39:19', 1, NULL, 8, 4, 'TestTag1 login', 25),
(787, '2019-04-16 14:39:32', 1, NULL, 8, 5, 'TestTag1 logout', 25),
(788, '2019-04-16 14:45:07', 1, NULL, 8, 4, 'TestTag1 login', 25),
(789, '2019-04-16 14:52:32', 1, NULL, 8, 5, 'TestTag1 logout', 25),
(790, '2019-04-16 15:02:46', 1, NULL, 8, 4, 'TestTag1 login', 25),
(791, '2019-04-16 15:10:22', 1, NULL, 8, 5, 'TestTag1 logout', 25),
(792, '2019-04-18 16:03:37', 1, NULL, NULL, 1, '', NULL),
(793, '2019-04-18 16:03:57', 1, NULL, 8, 4, 'TestTag1 login', 25),
(794, '2019-04-18 16:53:45', 1, NULL, 8, 5, 'TestTag1 logout', 25),
(795, '2019-04-18 16:53:48', 1, NULL, 8, 4, 'TestTag1 login', 25),
(796, '2019-04-18 17:14:13', 1, NULL, 8, 5, 'TestTag1 logout', 25),
(797, '2019-04-19 09:36:31', 1, NULL, NULL, 1, '', NULL),
(798, '2019-04-19 09:40:01', 1, NULL, 8, 4, 'TestTag1 login', 25),
(799, '2019-04-19 10:09:26', 1, NULL, 8, 5, 'TestTag1 logout', 25),
(800, '2019-04-19 16:04:27', 1, NULL, NULL, 1, '', NULL),
(801, '2019-04-19 16:04:45', 1, NULL, 8, 4, 'TestTag1 login', 25),
(802, '2019-04-19 16:52:09', 1, NULL, 8, 5, 'TestTag1 logout', 25),
(803, '2019-04-19 16:59:00', 1, NULL, 8, 4, 'TestTag1 login', 25),
(804, '2019-04-19 17:01:00', 1, NULL, 8, 5, 'TestTag1 logout', 25),
(805, '2019-04-20 06:46:22', 1, NULL, NULL, 1, '', NULL),
(806, '2019-04-20 07:13:40', 1, NULL, 8, 4, 'TestTag1 login', 25),
(807, '2019-04-20 07:40:37', 1, NULL, 8, 5, 'TestTag1 logout', 25),
(808, '2019-04-20 07:41:13', 1, NULL, NULL, 1, '', NULL),
(809, '2019-04-20 09:49:37', 1, NULL, NULL, 1, '', NULL),
(810, '2019-04-20 09:54:01', 1, NULL, 8, 4, 'TestTag1 login', NULL),
(811, '2019-04-20 12:35:08', 1, NULL, NULL, 1, '', NULL),
(812, '2019-04-20 12:36:01', 1, NULL, 8, 4, 'TestTag1 login', 25),
(813, '2019-04-20 12:36:11', 1, NULL, 8, 5, 'TestTag1 logout', 25),
(814, '2019-04-20 12:38:27', 1, NULL, 8, 4, 'TestTag1 login', 25),
(815, '2019-04-20 12:38:38', 1, NULL, 8, 5, 'TestTag1 logout', 25),
(816, '2019-04-20 12:41:12', 1, NULL, 8, 4, 'TestTag1 login', 25),
(817, '2019-04-20 12:47:40', 1, NULL, 8, 5, 'TestTag1 logout', 25),
(818, '2019-04-20 12:49:17', 1, NULL, 8, 4, 'TestTag1 login', 25),
(819, '2019-04-20 12:55:44', 1, NULL, 8, 5, 'TestTag1 logout', 25),
(820, '2019-04-20 16:02:47', 1, NULL, NULL, 1, '', NULL),
(821, '2019-04-20 16:12:35', 1, NULL, 8, 4, 'TestTag1 login', 25),
(822, '2019-04-20 18:49:49', 1, NULL, 8, 5, 'TestTag1 logout', 25),
(823, '2019-04-20 19:02:44', 1, NULL, 8, 4, 'TestTag1 login', 25),
(824, '2019-04-20 19:12:01', 1, NULL, 8, 5, 'TestTag1 logout', 25),
(825, '2019-04-21 12:06:32', 1, NULL, NULL, 1, '', NULL),
(826, '2019-04-21 12:15:18', 1, NULL, 8, 4, 'TestTag1 login', 25),
(827, '2019-04-21 12:25:23', 1, NULL, 8, 5, 'TestTag1 logout', 25),
(828, '2019-04-23 14:52:04', 1, NULL, NULL, 1, '', NULL),
(829, '2019-04-23 15:15:07', 1, NULL, 8, 4, 'TestTag1 login', 25),
(830, '2019-04-23 15:18:33', 1, NULL, 8, 5, 'TestTag1 logout', 25),
(831, '2019-04-23 15:27:03', 1, NULL, 8, 4, 'TestTag1 login', 25),
(832, '2019-04-23 15:29:45', 1, NULL, 8, 5, 'TestTag1 logout', 25),
(833, '2019-04-23 15:35:37', 1, NULL, 8, 4, 'TestTag1 login', 25),
(834, '2019-04-23 15:36:17', 1, NULL, 8, 5, 'TestTag1 logout', 25),
(835, '2019-04-23 15:40:30', 1, NULL, 8, 4, 'TestTag1 login', 25),
(836, '2019-04-23 15:42:54', 1, NULL, 8, 5, 'TestTag1 logout', 25),
(837, '2019-04-23 16:04:55', 1, NULL, 8, 4, 'TestTag1 login', 25),
(838, '2019-04-23 17:16:15', 1, NULL, 8, 5, 'TestTag1 logout', 25),
(839, '2019-04-24 14:32:01', 1, NULL, NULL, 1, '', NULL),
(840, '2019-04-24 15:11:57', 1, NULL, 8, 4, 'TestTag1 login', 25),
(841, '2019-04-24 15:31:34', 1, NULL, 8, 5, 'TestTag1 logout', 25),
(842, '2019-04-24 15:37:41', 1, NULL, 8, 4, 'TestTag1 login', 25),
(843, '2019-04-24 15:57:41', 1, NULL, 8, 5, 'TestTag1 logout', 25),
(844, '2019-04-24 16:02:49', 1, NULL, 8, 4, 'TestTag1 login', 25),
(845, '2019-04-24 16:15:54', 1, NULL, 8, 5, 'TestTag1 logout', 25),
(846, '2019-04-24 16:16:13', 1, NULL, 8, 4, 'TestTag1 login', 25),
(847, '2019-04-24 16:37:16', 1, NULL, 8, 5, 'TestTag1 logout', 25),
(848, '2019-04-24 16:39:41', 1, NULL, 8, 4, 'TestTag1 login', NULL),
(849, '2019-04-25 15:10:45', 1, NULL, NULL, 1, '', NULL),
(850, '2019-04-25 15:23:24', 1, NULL, 8, 4, 'TestTag1 login', 25),
(851, '2019-04-25 15:26:52', 1, NULL, 8, 5, 'TestTag1 logout', 25),
(852, '2019-04-25 15:28:35', 1, NULL, 8, 4, 'TestTag1 login', 25),
(853, '2019-04-25 16:41:39', 1, NULL, 8, 5, 'TestTag1 logout', 25),
(854, '2019-04-25 16:46:36', 1, NULL, 8, 4, 'TestTag1 login', 25),
(855, '2019-04-25 17:06:18', 1, NULL, 8, 5, 'TestTag1 logout', 25),
(856, '2019-04-25 17:06:21', 1, NULL, 8, 4, 'TestTag1 login', 25),
(857, '2019-04-25 17:57:47', 1, NULL, 8, 5, 'TestTag1 logout', 25),
(858, '2019-04-27 09:02:58', 1, NULL, NULL, 1, '', NULL),
(859, '2019-04-27 09:06:30', 1, NULL, 8, 4, 'TestTag1 login', 25);
INSERT INTO `logs` (`lid`, `timestamp`, `mid`, `aid`, `tid`, `eid`, `remarks`, `iid`) VALUES
(860, '2019-04-27 09:41:12', 1, NULL, 8, 5, 'TestTag1 logout', 25),
(861, '2019-04-27 09:55:01', 1, NULL, 8, 4, 'TestTag1 login', 25),
(862, '2019-04-27 10:06:52', 1, NULL, 8, 5, 'TestTag1 logout', 25),
(863, '2019-04-27 11:46:52', 1, NULL, 8, 4, 'TestTag1 login', NULL),
(864, '2019-04-27 12:38:42', 1, NULL, NULL, 1, '', NULL),
(865, '2019-04-27 12:38:53', 1, NULL, 8, 4, 'TestTag1 login', 25),
(866, '2019-04-27 12:39:19', 1, NULL, 8, 5, 'TestTag1 logout', 25),
(867, '2019-04-27 12:39:41', 1, NULL, 8, 4, 'TestTag1 login', NULL),
(868, '2019-05-02 13:40:47', 1, NULL, NULL, 1, '', NULL),
(869, '2019-05-02 15:58:53', 1, NULL, NULL, 1, '', NULL),
(870, '2019-05-02 16:01:26', 1, NULL, 8, 4, 'TestTag1 login', NULL),
(871, '2019-05-03 10:07:12', 1, NULL, NULL, 1, '', NULL),
(872, '2019-05-03 10:26:17', 1, NULL, 8, 4, 'TestTag1 login', 25),
(873, '2019-05-03 10:32:31', 1, NULL, 8, 5, 'TestTag1 logout', 25),
(874, '2019-05-04 10:51:08', 1, NULL, NULL, 1, '', NULL),
(875, '2019-05-04 10:54:23', 1, NULL, 8, 4, 'TestTag1 login', 25),
(876, '2019-05-04 11:33:15', 1, NULL, 8, 5, 'TestTag1 logout', 25),
(877, '2019-05-07 13:55:22', 1, NULL, NULL, 1, '', NULL),
(878, '2019-05-07 13:59:52', 1, NULL, 8, 4, 'TestTag1 login', 25),
(879, '2019-05-07 14:15:16', 1, NULL, 8, 5, 'TestTag1 logout', 25),
(880, '2019-05-07 14:19:57', 1, NULL, 8, 4, 'TestTag1 login', NULL),
(881, '2019-05-08 14:34:56', 1, NULL, NULL, 1, '', NULL),
(882, '2019-05-09 17:05:06', 1, NULL, 8, 5, 'TestTag1 logout', 25),
(883, '2019-05-09 13:45:28', 1, NULL, 8, 4, 'TestTag1 login', 25),
(884, '2019-05-09 17:05:14', 1, NULL, 8, 4, 'TestTag1 login', 25),
(885, '2019-05-09 17:56:18', 1, NULL, 8, 5, 'TestTag1 logout', 25),
(886, '2019-05-09 13:45:26', 1, NULL, -1, 1, '', NULL),
(887, '2019-05-11 08:47:35', 1, NULL, NULL, 1, '', NULL),
(888, '2019-05-11 08:50:21', 1, NULL, NULL, 1, '', NULL),
(889, '2019-05-11 08:51:08', 1, NULL, NULL, 1, '', NULL),
(890, '2019-05-11 09:13:31', 1, NULL, NULL, 1, '', NULL),
(891, '2019-05-11 09:13:42', 1, NULL, 8, 4, 'TestTag1 login', 25),
(892, '2019-05-11 10:08:33', 1, NULL, 8, 5, 'TestTag1 logout', 25),
(893, '2019-05-11 10:54:39', 1, NULL, NULL, 1, '', NULL),
(894, '2019-05-11 10:54:44', 1, NULL, 8, 4, 'TestTag1 login', 25),
(895, '2019-05-11 11:52:12', 1, NULL, 8, 5, 'TestTag1 logout', 25),
(896, '2019-05-11 12:34:16', 1, NULL, NULL, 1, '', NULL),
(897, '2019-05-11 12:37:34', 1, NULL, 8, 4, 'TestTag1 login', 25),
(898, '2019-05-11 12:44:08', 1, NULL, 8, 5, 'TestTag1 logout', 25),
(899, '2019-05-14 13:55:14', 1, NULL, NULL, 1, '', NULL),
(900, '2019-05-14 14:12:44', 1, NULL, 8, 4, 'TestTag1 login', 25),
(901, '2019-05-14 14:13:40', 1, NULL, 8, 5, 'TestTag1 logout', 25),
(902, '2019-05-14 14:13:42', 1, NULL, 8, 4, 'TestTag1 login', 25),
(903, '2019-05-14 14:13:44', 1, NULL, 8, 5, 'TestTag1 logout', 25),
(904, '2019-05-14 14:14:10', 1, NULL, 8, 4, 'TestTag1 login', 25),
(905, '2019-05-14 16:24:26', 1, NULL, 8, 5, 'TestTag1 logout', 25),
(906, '2019-05-15 16:24:43', 1, NULL, NULL, 1, '', NULL),
(907, '2019-05-15 16:27:53', 1, NULL, 8, 4, 'TestTag1 login', NULL),
(908, '2019-05-16 09:30:56', 1, NULL, NULL, 1, '', NULL),
(909, '2019-05-16 09:39:26', 1, NULL, 8, 4, 'TestTag1 login', 25),
(910, '2019-05-16 09:45:01', 1, NULL, 8, 5, 'TestTag1 logout', 25),
(911, '2019-05-16 16:00:16', 1, NULL, NULL, 1, '', NULL),
(912, '2019-05-16 16:18:25', 1, NULL, 8, 4, 'TestTag1 login', NULL),
(913, '2019-05-16 16:46:19', 1, NULL, NULL, 1, '', NULL),
(914, '2019-05-16 17:02:38', 1, NULL, 8, 4, 'TestTag1 login', 25),
(915, '2019-05-16 17:08:39', 1, NULL, 8, 5, 'TestTag1 logout', 25),
(916, '2019-05-16 17:16:04', 1, NULL, 8, 4, 'TestTag1 login', 25),
(917, '2019-05-16 17:41:17', 1, NULL, 8, 5, 'TestTag1 logout', 25),
(918, '2019-05-18 04:41:01', 1, NULL, NULL, 1, '', NULL),
(919, '2019-05-18 05:08:18', 1, NULL, NULL, 1, '', NULL),
(920, '2019-05-18 06:24:51', 1, NULL, NULL, 1, '', NULL),
(921, '2019-05-18 06:27:39', 1, NULL, 8, 4, 'TestTag1 login', 25),
(922, '2019-05-18 06:50:18', 1, NULL, 8, 5, 'TestTag1 logout', 25),
(923, '2019-05-18 07:43:35', 1, NULL, NULL, 1, '', NULL),
(924, '2019-05-18 08:01:09', 1, NULL, 8, 4, 'TestTag1 login', 25),
(925, '2019-05-18 10:01:15', 1, NULL, 8, 5, 'TestTag1 logout', 25),
(926, '2019-05-18 10:05:43', 1, NULL, 8, 4, 'TestTag1 login', 25),
(927, '2019-05-18 10:09:28', 1, NULL, 8, 5, 'TestTag1 logout', 25),
(928, '2019-05-18 10:12:19', 1, NULL, 8, 4, 'TestTag1 login', 25),
(929, '2019-05-18 10:41:35', 1, NULL, 8, 5, 'TestTag1 logout', 25),
(930, '2019-05-18 10:52:57', 1, NULL, 8, 4, 'TestTag1 login', 25),
(931, '2019-05-18 11:17:53', 1, NULL, 8, 5, 'TestTag1 logout', 25),
(932, '2019-05-18 11:31:28', 1, NULL, 8, 4, 'TestTag1 login', NULL),
(933, '2019-05-19 10:52:37', 1, NULL, NULL, 1, '', NULL),
(934, '2019-05-19 11:19:29', 1, NULL, 8, 4, 'TestTag1 login', 25),
(935, '2019-05-19 11:51:19', 1, NULL, 8, 5, 'TestTag1 logout', 25),
(936, '2019-05-20 12:36:49', 1, NULL, NULL, 1, '', NULL),
(937, '2019-05-20 12:37:08', 1, NULL, 8, 4, 'TestTag1 login', 25),
(938, '2019-05-20 13:02:22', 1, NULL, 8, 5, 'TestTag1 logout', 25),
(939, '2019-05-20 13:10:47', 1, NULL, NULL, 1, '', NULL),
(940, '2019-05-21 05:09:42', 1, NULL, NULL, 1, '', NULL),
(941, '2019-05-21 05:41:03', 1, NULL, 8, 4, 'TestTag1 login', 25),
(942, '2019-05-21 06:42:42', 1, NULL, 8, 5, 'TestTag1 logout', 25),
(943, '2019-05-21 14:01:08', 1, NULL, NULL, 1, '', NULL),
(944, '2019-05-21 15:21:18', 1, NULL, 8, 4, 'TestTag1 login', 25),
(945, '2019-05-21 17:00:41', 1, NULL, 8, 5, 'TestTag1 logout', 25),
(946, '2019-05-22 13:59:25', 1, NULL, NULL, 1, '', NULL),
(947, '2019-05-22 14:05:57', 1, NULL, 8, 4, 'TestTag1 login', NULL),
(948, '2019-05-22 14:19:36', 1, NULL, NULL, 6, 'uid:991328677 key error', NULL),
(949, '2019-05-22 14:19:40', 1, NULL, NULL, 5, 'TestTag1 logout', NULL),
(950, '2019-05-22 14:31:06', 1, NULL, 8, 4, 'TestTag1 login', 25),
(951, '2019-05-22 14:31:10', 1, NULL, 8, 5, 'TestTag1 logout', 25),
(952, '2019-05-23 16:16:14', 1, NULL, NULL, 1, '', NULL),
(953, '2019-05-23 16:25:37', 1, NULL, 8, 4, 'TestTag1 login', 25),
(954, '2019-05-23 17:09:07', 1, NULL, 8, 5, 'TestTag1 logout', 25),
(955, '2019-05-28 14:29:04', 1, NULL, NULL, 1, '', NULL),
(956, '2019-05-28 14:31:55', 1, NULL, 8, 4, 'TestTag1 login', 25),
(957, '2019-05-28 14:35:47', 1, NULL, 8, 5, 'TestTag1 logout', 25),
(958, '2019-05-28 16:25:41', 1, NULL, NULL, 1, '', NULL),
(959, '2019-05-28 16:30:05', 1, NULL, 8, 4, 'TestTag1 login', NULL),
(960, '2019-05-29 14:09:07', 1, NULL, NULL, 1, '', NULL),
(961, '2019-05-29 14:51:13', 1, NULL, 8, 4, 'TestTag1 login', 25),
(962, '2019-05-29 14:53:56', 1, NULL, 8, 5, 'TestTag1 logout', 25),
(963, '2019-05-29 15:04:35', 1, NULL, 8, 4, 'TestTag1 login', 25),
(964, '2019-05-29 15:07:11', 1, NULL, 8, 5, 'TestTag1 logout', 25),
(965, '2019-05-29 15:07:20', 1, NULL, 8, 4, 'TestTag1 login', 25),
(966, '2019-05-29 16:24:54', 1, NULL, 8, 5, 'TestTag1 logout', 25),
(967, '2019-06-01 10:42:06', 1, NULL, NULL, 1, '', NULL),
(968, '2019-06-01 10:59:53', 1, NULL, 8, 4, 'TestTag1 login', 25),
(969, '2019-06-01 11:15:05', 1, NULL, 8, 5, 'TestTag1 logout', 25),
(970, '2019-06-01 11:24:54', 1, NULL, 8, 4, 'TestTag1 login', 25),
(971, '2019-06-01 12:42:59', 1, NULL, 8, 5, 'TestTag1 logout', 25),
(972, '2019-06-03 14:49:19', 1, NULL, NULL, 1, '', NULL),
(973, '2019-06-03 14:49:53', 1, NULL, 8, 4, 'TestTag1 login', NULL),
(974, '2019-06-04 14:03:00', 1, NULL, NULL, 1, '', NULL),
(975, '2019-06-04 14:08:32', 1, NULL, 8, 4, 'TestTag1 login', 25),
(976, '2019-06-04 15:29:38', 1, NULL, 8, 5, 'TestTag1 logout', 25),
(977, '2019-06-05 14:08:40', 1, NULL, NULL, 1, '', NULL),
(978, '2019-06-05 14:12:43', 1, NULL, 8, 4, 'TestTag1 login', NULL),
(979, '2019-06-05 16:14:13', 1, NULL, NULL, 1, '', NULL),
(980, '2019-06-05 16:20:28', 1, NULL, 8, 4, 'TestTag1 login', 25),
(981, '2019-06-05 16:40:42', 1, NULL, 8, 5, 'TestTag1 logout', 25),
(982, '2019-06-06 16:07:25', 1, NULL, NULL, 1, '', NULL),
(983, '2019-06-06 16:15:31', 1, NULL, 8, 4, 'TestTag1 login', 25),
(984, '2019-06-06 16:36:13', 1, NULL, 8, 5, 'TestTag1 logout', 25),
(985, '2019-06-06 16:42:48', 1, NULL, 8, 4, 'TestTag1 login', NULL),
(986, '2019-06-08 10:43:14', 1, NULL, NULL, 1, '', NULL),
(987, '2019-06-08 11:18:37', 1, NULL, 8, 4, 'TestTag1 login', 25),
(988, '2019-06-08 12:49:40', 1, NULL, 8, 5, 'TestTag1 logout', 25),
(989, '2019-06-11 13:41:56', 1, NULL, NULL, 1, '', NULL),
(990, '2019-06-11 13:49:09', 1, NULL, 8, 4, 'TestTag1 login', 25),
(991, '2019-06-11 16:41:54', 1, NULL, 8, 5, 'TestTag1 logout', 25),
(992, '2019-06-14 17:24:05', 1, NULL, NULL, 1, '', NULL),
(993, '2019-06-14 17:29:50', 1, NULL, 8, 4, 'TestTag1 login', 25),
(994, '2019-06-14 17:37:32', 1, NULL, 8, 5, 'TestTag1 logout', 25),
(995, '2019-06-14 17:39:39', 1, NULL, 8, 4, 'TestTag1 login', 25),
(996, '2019-06-14 18:34:44', 1, NULL, 8, 5, 'TestTag1 logout', 25),
(997, '2019-06-15 08:51:38', 1, NULL, NULL, 1, '', NULL),
(998, '2019-06-15 09:05:08', 1, NULL, 8, 4, 'TestTag1 login', 25),
(999, '2019-06-15 09:08:54', 1, NULL, 8, 5, 'TestTag1 logout', 25),
(1000, '2019-06-15 09:11:25', 1, NULL, 8, 4, 'TestTag1 login', 25),
(1001, '2019-06-15 09:27:16', 1, NULL, 8, 5, 'TestTag1 logout', 25),
(1002, '2019-06-15 09:29:40', 1, NULL, NULL, 1, '', NULL),
(1003, '2019-06-15 11:19:42', 1, NULL, 8, 4, 'TestTag1 login', 25),
(1004, '2019-06-15 11:28:17', 1, NULL, 8, 5, 'TestTag1 logout', 25),
(1005, '2019-06-15 12:01:52', 1, NULL, 8, 4, 'TestTag1 login', 25),
(1006, '2019-06-15 13:32:54', 1, NULL, 8, 5, 'TestTag1 logout', 25),
(1007, '2019-06-18 14:31:24', 1, NULL, NULL, 1, '', NULL),
(1008, '2019-06-18 14:38:48', 1, NULL, 8, 4, 'TestTag1 login', 25),
(1009, '2019-06-18 14:51:03', 1, NULL, 8, 5, 'TestTag1 logout', 25),
(1010, '2019-06-18 14:55:34', 1, NULL, 8, 4, 'TestTag1 login', 25),
(1011, '2019-06-18 15:03:22', 1, NULL, 8, 5, 'TestTag1 logout', 25),
(1012, '2019-06-18 15:08:35', 1, NULL, 8, 4, 'TestTag1 login', 25),
(1013, '2019-06-18 15:14:43', 1, NULL, 8, 5, 'TestTag1 logout', 25),
(1014, '2019-06-18 15:25:37', 1, NULL, 8, 4, 'TestTag1 login', 25),
(1015, '2019-06-18 15:32:49', 1, NULL, 8, 5, 'TestTag1 logout', 25),
(1016, '2019-06-18 15:48:18', 1, NULL, 8, 4, 'TestTag1 login', 25),
(1017, '2019-06-18 15:54:23', 1, NULL, 8, 5, 'TestTag1 logout', 25),
(1018, '2019-06-20 14:36:36', 1, NULL, NULL, 1, '', NULL),
(1019, '2019-06-20 14:44:09', 1, NULL, 8, 4, 'TestTag1 login', 25),
(1020, '2019-06-20 14:53:27', 1, NULL, 8, 5, 'TestTag1 logout', 25),
(1021, '2019-06-20 14:53:43', 1, NULL, NULL, 1, '', NULL),
(1022, '2019-06-20 15:03:06', 1, NULL, NULL, 1, '', NULL),
(1023, '2019-06-20 15:06:02', 1, NULL, 8, 4, 'TestTag1 login', 25),
(1024, '2019-06-20 15:18:03', 1, NULL, 8, 5, 'TestTag1 logout', 25),
(1025, '2019-06-20 16:15:35', 1, NULL, NULL, 1, '', NULL),
(1026, '2019-06-20 16:29:22', 1, NULL, 8, 4, 'TestTag1 login', 25),
(1027, '2019-06-20 16:30:21', 1, NULL, 8, 5, 'TestTag1 logout', 25),
(1028, '2019-06-20 16:31:23', 1, NULL, 8, 4, 'TestTag1 login', NULL),
(1029, '2019-06-21 14:15:16', 1, NULL, NULL, 1, '', NULL),
(1030, '2019-06-22 09:16:36', 1, NULL, NULL, 1, '', NULL),
(1031, '2019-06-22 09:26:07', 1, NULL, 8, 4, 'TestTag1 login', 25),
(1032, '2019-06-22 09:36:45', 1, NULL, 8, 5, 'TestTag1 logout', 25),
(1033, '2019-06-22 09:38:37', 1, NULL, 8, 4, 'TestTag1 login', 25),
(1034, '2019-06-22 09:43:09', 1, NULL, 8, 5, 'TestTag1 logout', 25),
(1035, '2019-06-22 11:06:16', 1, NULL, NULL, 1, '', NULL),
(1036, '2019-06-22 11:16:09', 1, NULL, 8, 4, 'TestTag1 login', 25),
(1037, '2019-06-22 13:28:45', 1, NULL, 8, 5, 'TestTag1 logout', 25),
(1038, '2019-06-24 13:10:59', 1, NULL, NULL, 1, '', NULL),
(1039, '2019-06-24 13:12:46', 1, NULL, 8, 4, 'TestTag1 login', NULL),
(1040, '2019-06-25 14:54:44', 1, NULL, NULL, 1, '', NULL),
(1041, '2019-06-25 15:44:19', 1, NULL, NULL, 1, '', NULL),
(1042, '2019-06-25 15:59:45', 1, NULL, 8, 4, 'TestTag1 login', 25),
(1043, '2019-06-25 16:09:26', 1, NULL, 8, 5, 'TestTag1 logout', 25),
(1044, '2019-06-25 16:16:45', 1, NULL, 8, 4, 'TestTag1 login', 25),
(1045, '2019-06-25 16:26:02', 1, NULL, 8, 5, 'TestTag1 logout', 25),
(1046, '2019-06-25 16:34:18', 1, NULL, 8, 4, 'TestTag1 login', 25),
(1047, '2019-06-25 16:36:23', 1, NULL, 8, 5, 'TestTag1 logout', 25),
(1048, '2019-06-25 16:36:26', 1, NULL, 8, 4, 'TestTag1 login', 25),
(1049, '2019-06-25 16:38:27', 1, NULL, 8, 5, 'TestTag1 logout', 25),
(1050, '2019-06-25 16:42:11', 1, NULL, 8, 4, 'TestTag1 login', 25),
(1051, '2019-06-25 16:57:32', 1, NULL, 8, 5, 'TestTag1 logout', 25),
(1052, '2019-06-27 14:37:08', 1, NULL, NULL, 1, '', NULL),
(1053, '2019-06-27 14:47:29', 1, NULL, 8, 4, 'TestTag1 login', 25),
(1054, '2019-06-27 15:03:01', 1, NULL, 8, 5, 'TestTag1 logout', 25),
(1055, '2019-06-27 16:47:08', 1, NULL, NULL, 1, '', NULL),
(1056, '2019-06-27 16:47:19', 1, NULL, 8, 4, 'TestTag1 login', 25),
(1057, '2019-06-27 16:53:57', 1, NULL, 8, 5, 'TestTag1 logout', 25),
(1058, '2019-06-27 18:16:54', 1, NULL, NULL, 1, '', NULL),
(1059, '2019-06-27 18:17:17', 1, NULL, 8, 4, 'TestTag1 login', 25),
(1060, '2019-06-27 18:37:20', 1, NULL, 8, 5, 'TestTag1 logout', 25),
(1061, '2019-06-29 09:54:41', 1, NULL, NULL, 1, '', NULL),
(1062, '2019-06-29 10:26:12', 1, NULL, 8, 4, 'TestTag1 login', 25),
(1063, '2019-06-29 10:30:37', 1, NULL, 8, 5, 'TestTag1 logout', 25),
(1064, '2019-07-02 15:17:18', 1, NULL, NULL, 1, '', NULL),
(1065, '2019-07-02 15:54:05', 1, NULL, 8, 4, 'TestTag1 login', 25),
(1066, '2019-07-02 16:15:00', 1, NULL, 8, 5, 'TestTag1 logout', 25),
(1067, '2019-07-03 15:56:13', 1, NULL, NULL, 1, '', NULL),
(1068, '2019-07-03 15:56:39', 1, NULL, 8, 4, 'TestTag1 login', 25),
(1069, '2019-07-03 16:03:24', 1, NULL, 8, 5, 'TestTag1 logout', 25),
(1070, '2019-07-03 16:03:25', 1, NULL, 8, 4, 'TestTag1 login', 25),
(1071, '2019-07-03 16:06:18', 1, NULL, 8, 5, 'TestTag1 logout', 25),
(1072, '2019-07-03 16:08:18', 1, NULL, 8, 4, 'TestTag1 login', 25),
(1073, '2019-07-03 16:15:43', 1, NULL, 8, 5, 'TestTag1 logout', 25),
(1074, '2019-07-03 16:19:05', 1, NULL, 8, 4, 'TestTag1 login', 25),
(1075, '2019-07-03 16:48:09', 1, NULL, 8, 5, 'TestTag1 logout', 25),
(1076, '2019-07-03 16:50:27', 1, NULL, 8, 4, 'TestTag1 login', NULL),
(1077, '2019-07-04 15:05:16', 1, NULL, NULL, 1, '', NULL),
(1078, '2019-07-04 15:07:03', 1, NULL, 8, 4, 'TestTag1 login', 25),
(1079, '2019-07-04 16:53:35', 1, NULL, 8, 5, 'TestTag1 logout', 25),
(1080, '2019-07-04 17:04:30', 1, NULL, 8, 4, 'TestTag1 login', 25),
(1081, '2019-07-04 17:23:57', 1, NULL, 8, 5, 'TestTag1 logout', 25),
(1082, '2019-07-08 14:51:55', 1, NULL, NULL, 1, '', NULL),
(1083, '2019-07-08 14:57:37', 1, NULL, 8, 4, 'TestTag1 login', NULL),
(1084, '2019-07-11 14:05:50', 1, NULL, NULL, 1, '', NULL),
(1085, '2019-07-11 14:43:27', 1, NULL, 8, 4, 'TestTag1 login', 25),
(1086, '2019-07-11 15:03:38', 1, NULL, 8, 5, 'TestTag1 logout', 25),
(1087, '2019-07-11 15:20:01', 1, NULL, 8, 4, 'TestTag1 login', 25),
(1088, '2019-07-11 15:52:26', 1, NULL, 8, 5, 'TestTag1 logout', 25),
(1089, '2019-07-11 15:52:30', 1, NULL, 8, 4, 'TestTag1 login', 25),
(1090, '2019-07-11 17:01:14', 1, NULL, 8, 5, 'TestTag1 logout', 25),
(1091, '2019-07-13 06:57:56', 1, NULL, NULL, 1, '', NULL),
(1092, '2019-07-13 07:03:50', 1, NULL, 8, 4, 'TestTag1 login', 25),
(1093, '2019-07-13 07:24:41', 1, NULL, 8, 5, 'TestTag1 logout', 25),
(1094, '2019-07-13 10:49:47', 1, NULL, 8, 4, 'TestTag1 login', 25),
(1095, '2019-07-13 11:05:25', 1, NULL, 8, 5, 'TestTag1 logout', 25),
(1096, '2019-07-13 10:49:40', 1, NULL, -1, 1, '', NULL),
(1097, '2019-07-13 12:32:20', 1, NULL, NULL, 1, '', NULL),
(1098, '2019-07-13 12:32:36', 1, NULL, 8, 4, 'TestTag1 login', 25),
(1099, '2019-07-13 12:42:15', 1, NULL, 8, 5, 'TestTag1 logout', 25),
(1100, '2019-07-16 13:55:00', 1, NULL, NULL, 1, '', NULL),
(1101, '2019-07-16 14:11:09', 1, NULL, 8, 4, 'TestTag1 login', 25),
(1102, '2019-07-16 16:13:04', 1, NULL, 8, 5, 'TestTag1 logout', 25),
(1103, '2019-07-17 14:08:54', 1, NULL, NULL, 1, '', NULL),
(1104, '2019-07-17 14:24:36', 1, NULL, 8, 4, 'TestTag1 login', 25),
(1105, '2019-07-17 16:22:02', 1, NULL, 8, 5, 'TestTag1 logout', 25),
(1106, '2019-07-17 16:27:18', 1, NULL, 8, 4, 'TestTag1 login', 25),
(1107, '2019-07-17 16:34:55', 1, NULL, 8, 5, 'TestTag1 logout', 25),
(1108, '2019-07-17 16:36:01', 1, NULL, 8, 4, 'TestTag1 login', 25),
(1109, '2019-07-17 17:01:29', 1, NULL, 8, 5, 'TestTag1 logout', 25),
(1110, '2019-07-18 14:22:11', 1, NULL, NULL, 1, '', NULL),
(1111, '2019-07-18 14:42:05', 1, NULL, 8, 4, 'TestTag1 login', 25),
(1112, '2019-07-18 16:31:25', 1, NULL, 8, 5, 'TestTag1 logout', 25),
(1113, '2019-07-18 17:27:42', 1, NULL, NULL, 1, '', NULL),
(1114, '2019-07-18 17:28:33', 1, NULL, 8, 4, 'TestTag1 login', NULL),
(1115, '2019-07-20 07:29:57', 1, NULL, NULL, 1, '', NULL),
(1116, '2019-07-20 07:48:48', 1, NULL, 8, 4, 'TestTag1 login', 25),
(1117, '2019-07-20 08:47:50', 1, NULL, 8, 5, 'TestTag1 logout', 25),
(1118, '2019-07-20 09:00:42', 1, NULL, 8, 4, 'TestTag1 login', 25),
(1119, '2019-07-20 09:09:12', 1, NULL, 8, 5, 'TestTag1 logout', 25),
(1120, '2019-07-20 09:20:20', 1, NULL, 8, 4, 'TestTag1 login', 25),
(1121, '2019-07-20 09:41:52', 1, NULL, 8, 5, 'TestTag1 logout', 25),
(1122, '2019-07-20 09:41:54', 1, NULL, 8, 4, 'TestTag1 login', 25),
(1123, '2019-07-20 10:03:52', 1, NULL, 8, 5, 'TestTag1 logout', 25),
(1124, '2019-07-24 13:34:14', 1, NULL, NULL, 1, '', NULL),
(1125, '2019-07-24 15:56:23', 1, NULL, NULL, 1, '', NULL),
(1126, '2019-07-24 16:04:45', 1, NULL, 8, 4, 'TestTag1 login', 25),
(1127, '2019-07-24 16:13:29', 1, NULL, 8, 5, 'TestTag1 logout', 25),
(1128, '2019-07-25 13:59:03', 1, NULL, NULL, 1, '', NULL),
(1129, '2019-07-25 14:06:09', 1, NULL, 8, 4, 'TestTag1 login', 25),
(1130, '2019-07-25 14:36:06', 1, NULL, 8, 5, 'TestTag1 logout', 25),
(1131, '2019-07-30 16:13:36', 1, NULL, NULL, 1, '', NULL),
(1132, '2019-07-30 16:24:01', 1, NULL, 8, 4, 'TestTag1 login', 25),
(1133, '2019-07-30 16:57:13', 1, NULL, 8, 5, 'TestTag1 logout', 25),
(1134, '2019-07-30 17:02:47', 1, NULL, 8, 4, 'TestTag1 login', NULL),
(1135, '2019-07-31 14:39:38', 1, NULL, NULL, 1, '', NULL),
(1136, '2019-07-31 14:43:05', 1, NULL, 8, 4, 'TestTag1 login', 25),
(1137, '2019-07-31 14:44:32', 1, NULL, 8, 5, 'TestTag1 logout', 25),
(1138, '2019-08-01 09:31:17', 1, NULL, NULL, 1, '', NULL),
(1139, '2019-08-01 09:45:36', 1, NULL, 8, 4, 'TestTag1 login', 25),
(1140, '2019-08-01 09:50:55', 1, NULL, 8, 5, 'TestTag1 logout', 25),
(1141, '2019-08-03 11:16:30', 1, NULL, NULL, 1, '', NULL),
(1142, '2019-08-03 11:17:21', 1, NULL, 8, 4, 'TestTag1 login', 25),
(1143, '2019-08-03 11:17:27', 1, NULL, 8, 5, 'TestTag1 logout', 25),
(1144, '2019-08-03 11:17:33', 1, NULL, 8, 4, 'TestTag1 login', NULL),
(1145, '2019-08-06 15:08:56', 1, NULL, NULL, 1, '', NULL),
(1146, '2019-08-06 15:11:36', 1, NULL, 8, 4, 'TestTag1 login', 25),
(1147, '2019-08-06 15:56:36', 1, NULL, 8, 5, 'TestTag1 logout', 25),
(1148, '2019-08-06 16:03:24', 1, NULL, 8, 4, 'TestTag1 login', NULL),
(1149, '2019-08-06 16:04:52', 1, NULL, NULL, 1, '', NULL),
(1150, '2019-08-06 16:05:09', 1, NULL, 8, 4, 'TestTag1 login', 25),
(1151, '2019-08-06 16:08:41', 1, NULL, 8, 5, 'TestTag1 logout', 25),
(1152, '2019-08-06 16:09:58', 1, NULL, 8, 4, 'TestTag1 login', 25),
(1153, '2019-08-06 16:43:43', 1, NULL, 8, 5, 'TestTag1 logout', 25),
(1154, '2019-08-07 14:00:14', 1, NULL, NULL, 1, '', NULL),
(1155, '2019-08-07 14:20:23', 1, NULL, 8, 4, 'TestTag1 login', NULL),
(1156, '2019-08-07 15:16:34', 1, NULL, 8, 6, 'expired', NULL),
(1157, '2019-08-07 15:16:37', 1, NULL, 8, 5, 'TestTag1 logout', NULL),
(1158, '2019-08-08 14:11:25', 1, NULL, NULL, 1, '', NULL),
(1159, '2019-08-08 14:16:07', 1, NULL, 8, 4, 'TestTag1 login', 25),
(1160, '2019-08-08 17:14:09', 1, NULL, 8, 5, 'TestTag1 logout', 25),
(1161, '2019-08-10 09:21:14', 1, NULL, NULL, 1, '', NULL),
(1162, '2019-08-10 09:28:15', 1, NULL, 8, 4, 'TestTag1 login', NULL),
(1163, '2014-03-14 02:14:15', 1, NULL, NULL, 1, '', NULL),
(1164, '2014-03-14 02:14:15', 1, NULL, NULL, 2, 'RTC Error (battery empty?)', NULL),
(1165, '2014-03-14 02:14:15', 1, NULL, 8, 6, 'expired', NULL),
(1166, '2019-08-10 10:31:02', 1, NULL, NULL, 1, '', NULL),
(1167, '2019-08-10 10:31:16', 1, NULL, 8, 4, 'TestTag1 login', 25),
(1168, '2019-08-10 10:31:20', 1, NULL, 8, 5, 'TestTag1 logout', 25),
(1169, '2019-08-10 10:37:23', 1, NULL, 8, 4, 'TestTag1 login', 25),
(1170, '2019-08-10 12:01:17', 1, NULL, 8, 5, 'TestTag1 logout', 25),
(1171, '2019-08-10 12:09:35', 1, NULL, 8, 4, 'TestTag1 login', 25),
(1172, '2019-08-10 12:23:31', 1, NULL, 8, 5, 'TestTag1 logout', 25),
(1173, '2019-08-10 12:23:34', 1, NULL, 8, 4, 'TestTag1 login', 25),
(1174, '2019-08-10 13:03:24', 1, NULL, 8, 5, 'TestTag1 logout', 25),
(1175, '2019-08-13 14:36:45', 1, NULL, NULL, 1, '', NULL),
(1176, '2019-08-13 14:42:29', 1, NULL, 8, 4, 'TestTag1 login', 25),
(1177, '2019-08-13 14:45:22', 1, NULL, 8, 5, 'TestTag1 logout', 25),
(1178, '2019-08-13 14:49:34', 1, NULL, 8, 4, 'TestTag1 login', 25),
(1179, '2019-08-13 14:58:14', 1, NULL, 8, 5, 'TestTag1 logout', 25),
(1180, '2019-08-13 14:58:30', 1, NULL, 8, 4, 'TestTag1 login', 25),
(1181, '2019-08-13 15:09:03', 1, NULL, 8, 5, 'TestTag1 logout', 25),
(1182, '2019-08-13 15:17:50', 1, NULL, 8, 4, 'TestTag1 login', 25),
(1183, '2019-08-13 15:47:31', 1, NULL, 8, 5, 'TestTag1 logout', 25),
(1184, '2019-08-13 15:48:13', 1, NULL, 8, 4, 'TestTag1 login', 25),
(1185, '2019-08-13 16:02:31', 1, NULL, 8, 5, 'TestTag1 logout', 25),
(1186, '2019-08-13 16:07:39', 1, NULL, 8, 4, 'TestTag1 login', 25),
(1187, '2019-08-13 16:26:24', 1, NULL, 8, 5, 'TestTag1 logout', 25),
(1188, '2019-08-13 16:26:28', 1, NULL, 8, 4, 'TestTag1 login', 25),
(1189, '2019-08-13 16:40:39', 1, NULL, 8, 5, 'TestTag1 logout', 25),
(1190, '2019-08-13 16:47:19', 1, NULL, 8, 4, 'TestTag1 login', 25),
(1191, '2019-08-13 16:49:22', 1, NULL, 8, 5, 'TestTag1 logout', 25),
(1192, '2019-08-14 14:55:58', 1, NULL, NULL, 1, '', NULL),
(1193, '2019-08-14 15:22:06', 1, NULL, 8, 4, 'TestTag1 login', 25),
(1194, '2019-08-14 16:01:01', 1, NULL, 8, 5, 'TestTag1 logout', 25),
(1195, '2019-08-15 16:25:34', 1, NULL, NULL, 1, '', NULL),
(1196, '2019-08-15 16:25:48', 1, NULL, 8, 4, 'TestTag1 login', 25),
(1197, '2019-08-15 16:32:14', 1, NULL, 8, 5, 'TestTag1 logout', 25),
(1198, '2019-08-15 16:39:48', 1, NULL, 8, 4, 'TestTag1 login', 25),
(1199, '2019-08-15 16:44:27', 1, NULL, 8, 5, 'TestTag1 logout', 25),
(1200, '2019-08-17 09:11:58', 1, NULL, NULL, 1, '', NULL),
(1201, '2019-08-17 09:18:03', 1, NULL, 8, 4, 'TestTag1 login', 25),
(1202, '2019-08-17 10:01:13', 1, NULL, 8, 5, 'TestTag1 logout', 25),
(1203, '2019-08-17 10:03:56', 1, NULL, 8, 4, 'TestTag1 login', 25),
(1204, '2019-08-17 10:03:59', 1, NULL, 8, 5, 'TestTag1 logout', 25),
(1205, '2019-08-17 10:04:32', 1, NULL, 8, 4, 'TestTag1 login', 25),
(1206, '2019-08-17 10:06:42', 1, NULL, 8, 5, 'TestTag1 logout', 25),
(1207, '2019-08-17 10:15:42', 1, NULL, 8, 4, 'TestTag1 login', 25),
(1208, '2019-08-17 10:21:24', 1, NULL, 8, 5, 'TestTag1 logout', 25),
(1209, '2019-08-17 10:23:32', 1, NULL, 8, 4, 'TestTag1 login', 25),
(1210, '2019-08-17 10:28:08', 1, NULL, 8, 5, 'TestTag1 logout', 25),
(1211, '2019-08-17 10:28:25', 1, NULL, 8, 4, 'TestTag1 login', 25),
(1212, '2019-08-17 10:29:51', 1, NULL, 8, 5, 'TestTag1 logout', 25),
(1213, '2019-08-17 10:33:07', 1, NULL, 8, 4, 'TestTag1 login', 25),
(1214, '2019-08-17 10:33:12', 1, NULL, 8, 5, 'TestTag1 logout', 25),
(1215, '2019-08-17 10:34:16', 1, NULL, 8, 4, 'TestTag1 login', 25),
(1216, '2019-08-17 11:03:58', 1, NULL, 8, 5, 'TestTag1 logout', 25),
(1217, '2019-08-17 11:07:54', 1, NULL, 8, 4, 'TestTag1 login', 25),
(1218, '2019-08-17 12:17:01', 1, NULL, 8, 5, 'TestTag1 logout', 25),
(1219, '2019-08-17 12:34:57', 1, NULL, 8, 4, 'TestTag1 login', 25),
(1220, '2019-08-17 13:05:15', 1, NULL, 8, 5, 'TestTag1 logout', 25),
(1221, '2019-08-21 08:49:56', 1, NULL, NULL, 1, '', NULL),
(1222, '2019-08-21 09:23:02', 1, NULL, 8, 4, 'TestTag1 login', 25),
(1223, '2019-08-21 09:44:18', 1, NULL, 8, 5, 'TestTag1 logout', 25),
(1224, '2019-08-21 10:05:05', 1, NULL, 8, 4, 'TestTag1 login', 25),
(1225, '2019-08-21 10:19:40', 1, NULL, 8, 5, 'TestTag1 logout', 25),
(1226, '2019-08-21 14:02:32', 1, NULL, NULL, 1, '', NULL),
(1227, '2019-08-21 14:09:59', 1, NULL, 8, 4, 'TestTag1 login', 25),
(1228, '2019-08-21 17:25:40', 1, NULL, 8, 5, 'TestTag1 logout', 25),
(1229, '2019-08-22 15:47:17', 1, NULL, NULL, 1, '', NULL),
(1230, '2019-08-22 16:14:58', 1, NULL, 8, 4, 'TestTag1 login', 25),
(1231, '2019-08-22 16:19:31', 1, NULL, 8, 5, 'TestTag1 logout', 25),
(1232, '2019-08-22 16:39:48', 1, NULL, 8, 4, 'TestTag1 login', NULL),
(1233, '2019-08-24 09:05:11', 1, NULL, NULL, 1, '', NULL),
(1234, '2019-08-27 15:24:39', 1, NULL, NULL, 1, '', NULL),
(1235, '2019-08-27 16:16:26', 1, NULL, NULL, 1, '', NULL),
(1236, '2019-08-27 16:17:01', 1, NULL, 8, 4, 'TestTag1 login', 25),
(1237, '2019-08-27 16:17:13', 1, NULL, 8, 5, 'TestTag1 logout', 25),
(1238, '2019-08-28 14:09:57', 1, NULL, NULL, 1, '', NULL),
(1239, '2019-08-28 14:16:00', 1, NULL, 8, 4, 'TestTag1 login', 25),
(1240, '2019-08-28 14:18:47', 1, NULL, 8, 5, 'TestTag1 logout', 25),
(1241, '2019-08-29 16:30:42', 1, NULL, NULL, 1, '', NULL),
(1242, '2019-08-29 16:33:21', 1, NULL, 8, 4, 'TestTag1 login', 25),
(1243, '2019-08-29 16:36:41', 1, NULL, 8, 5, 'TestTag1 logout', 25),
(1244, '2019-08-29 16:37:02', 1, NULL, 8, 4, 'TestTag1 login', 25),
(1245, '2019-08-29 16:56:58', 1, NULL, 8, 5, 'TestTag1 logout', 25),
(1246, '2019-08-29 16:57:02', 1, NULL, 8, 4, 'TestTag1 login', 25),
(1247, '2019-08-29 17:39:04', 1, NULL, 8, 5, 'TestTag1 logout', 25),
(1248, '2019-08-31 11:07:14', 1, NULL, NULL, 1, '', NULL),
(1249, '2019-08-31 11:38:22', 1, NULL, 8, 4, 'TestTag1 login', 25),
(1250, '2019-08-31 12:14:16', 1, NULL, 8, 5, 'TestTag1 logout', 25),
(1251, '2019-09-03 15:38:51', 1, NULL, NULL, 1, '', NULL),
(1252, '2019-09-03 15:40:39', 1, NULL, 8, 4, 'TestTag1 login', NULL),
(1253, '2019-09-03 16:36:47', 1, NULL, NULL, 1, '', NULL),
(1254, '2019-09-03 16:36:54', 1, NULL, 8, 4, 'TestTag1 login', 25),
(1255, '2019-09-03 17:18:56', 1, NULL, 8, 5, 'TestTag1 logout', 25),
(1256, '2019-09-05 11:01:35', 1, NULL, NULL, 1, '', NULL),
(1257, '2019-09-05 11:07:46', 1, NULL, 8, 4, 'TestTag1 login', 25),
(1258, '2019-09-05 11:27:21', 1, NULL, 8, 5, 'TestTag1 logout', 25),
(1259, '2019-09-05 12:01:53', 1, NULL, 8, 4, 'TestTag1 login', NULL),
(1260, '2019-09-05 12:15:38', 1, NULL, NULL, 6, 'uid:991328677 key error', NULL),
(1261, '2019-09-05 12:15:43', 1, NULL, NULL, 5, 'TestTag1 logout', NULL),
(1262, '2019-09-05 12:40:28', 1, NULL, 8, 4, 'TestTag1 login', 25),
(1263, '2019-09-05 12:58:08', 1, NULL, 8, 5, 'TestTag1 logout', 25),
(1264, '2019-09-05 15:17:12', 1, NULL, NULL, 1, '', NULL),
(1265, '2019-09-05 15:20:25', 1, NULL, 8, 4, 'TestTag1 login', NULL),
(1266, '2019-09-05 16:12:28', 1, NULL, NULL, 1, '', NULL),
(1267, '2019-09-05 15:57:26', 1, NULL, NULL, 4, 'TestTag1 login', NULL),
(1268, '2019-09-05 15:57:24', 1, NULL, NULL, 1, '', NULL),
(1269, '2019-09-05 16:12:56', 1, NULL, 8, 4, 'TestTag1 login', NULL),
(1270, '2019-09-05 16:51:19', 1, NULL, NULL, 1, '', NULL),
(1271, '2019-09-05 16:52:56', 1, NULL, 8, 4, 'TestTag1 login', NULL),
(1272, '2019-09-06 15:18:15', 1, NULL, NULL, 1, '', NULL),
(1273, '2019-09-06 15:28:47', 1, NULL, 8, 4, 'TestTag1 login', 25),
(1274, '2019-09-06 16:26:17', 1, NULL, 8, 5, 'TestTag1 logout', 25),
(1275, '2019-09-07 10:59:53', 1, NULL, NULL, 1, '', NULL),
(1276, '2019-09-07 11:11:52', 1, NULL, 8, 4, 'TestTag1 login', 25),
(1277, '2019-09-07 11:15:03', 1, NULL, 8, 5, 'TestTag1 logout', 25),
(1278, '2019-09-07 12:04:10', 1, NULL, 8, 4, 'TestTag1 login', 25),
(1279, '2019-09-07 12:08:34', 1, NULL, 8, 5, 'TestTag1 logout', 25),
(1280, '2019-09-07 12:16:45', 1, NULL, 8, 4, 'TestTag1 login', 25),
(1281, '2019-09-07 12:18:54', 1, NULL, 8, 5, 'TestTag1 logout', 25),
(1282, '2019-09-07 12:30:59', 1, NULL, 8, 4, 'TestTag1 login', 25),
(1283, '2019-09-07 12:33:31', 1, NULL, 8, 5, 'TestTag1 logout', 25),
(1284, '2019-09-07 12:51:35', 1, NULL, 8, 4, 'TestTag1 login', 25),
(1285, '2019-09-07 12:57:51', 1, NULL, 8, 5, 'TestTag1 logout', 25),
(1286, '2019-09-08 09:54:27', 1, NULL, NULL, 1, '', NULL),
(1287, '2019-09-08 10:01:15', 1, NULL, 8, 4, 'TestTag1 login', 25),
(1288, '2019-09-08 10:20:20', 1, NULL, 8, 5, 'TestTag1 logout', 25),
(1289, '2019-09-09 12:49:32', 1, NULL, NULL, 1, '', NULL),
(1290, '2019-09-09 12:59:30', 1, NULL, 8, 4, 'TestTag1 login', 25),
(1291, '2019-09-09 13:05:40', 1, NULL, 8, 5, 'TestTag1 logout', 25),
(1292, '2019-09-09 17:29:35', 1, NULL, NULL, 1, '', NULL),
(1293, '2019-09-10 14:28:48', 1, NULL, NULL, 1, '', NULL),
(1294, '2019-09-10 14:31:34', 1, NULL, 8, 4, 'TestTag1 login', NULL),
(1295, '2019-09-10 15:30:58', 1, NULL, NULL, 1, '', NULL),
(1296, '2019-09-10 15:38:06', 1, NULL, 8, 4, 'TestTag1 login', NULL),
(1297, '2019-09-11 07:04:00', 1, NULL, NULL, 1, '', NULL),
(1298, '2019-09-11 14:07:20', 1, NULL, NULL, 1, '', NULL),
(1299, '2019-09-11 14:11:13', 1, NULL, 8, 4, 'TestTag1 login', 25),
(1300, '2019-09-11 14:16:59', 1, NULL, 8, 5, 'TestTag1 logout', 25),
(1301, '2019-09-11 14:31:00', 1, NULL, 8, 4, 'TestTag1 login', 25),
(1302, '2019-09-11 15:08:14', 1, NULL, 8, 5, 'TestTag1 logout', 25),
(1303, '2019-09-11 15:10:28', 1, NULL, 8, 4, 'TestTag1 login', 25),
(1304, '2019-09-11 15:33:48', 1, NULL, 8, 5, 'TestTag1 logout', 25),
(1305, '2019-09-11 16:14:00', 1, NULL, 8, 4, 'TestTag1 login', 25),
(1306, '2019-09-11 16:47:35', 1, NULL, 8, 5, 'TestTag1 logout', 25),
(1307, '2019-09-12 07:45:26', 1, NULL, NULL, 1, '', NULL),
(1308, '2019-09-12 07:47:16', 1, NULL, 8, 4, 'TestTag1 login', 25),
(1309, '2019-09-12 08:02:27', 1, NULL, 8, 5, 'TestTag1 logout', 25),
(1310, '2019-09-12 08:02:33', 1, NULL, 8, 4, 'TestTag1 login', 25),
(1311, '2019-09-12 08:53:31', 1, NULL, 8, 5, 'TestTag1 logout', 25),
(1312, '2019-09-12 15:11:06', 1, NULL, NULL, 1, '', NULL),
(1313, '2019-09-12 15:24:00', 1, NULL, 8, 4, 'TestTag1 login', 25),
(1314, '2019-09-12 15:35:28', 1, NULL, 8, 5, 'TestTag1 logout', 25),
(1315, '2019-09-12 15:56:02', 1, NULL, NULL, 1, '', NULL),
(1316, '2019-09-12 16:08:05', 1, NULL, 8, 4, 'TestTag1 login', 25),
(1317, '2019-09-12 16:21:53', 1, NULL, 8, 5, 'TestTag1 logout', 25),
(1318, '2019-09-12 16:21:59', 1, NULL, 8, 4, 'TestTag1 login', 25),
(1319, '2019-09-12 16:22:14', 1, NULL, 8, 5, 'TestTag1 logout', 25),
(1320, '2019-09-12 16:26:49', 1, NULL, 8, 4, 'TestTag1 login', 25),
(1321, '2019-09-12 17:01:59', 1, NULL, 8, 5, 'TestTag1 logout', 25),
(1322, '2019-09-14 10:10:53', 1, NULL, NULL, 1, '', NULL),
(1323, '2019-09-14 10:20:29', 1, NULL, 8, 4, 'TestTag1 login', 25),
(1324, '2019-09-14 10:41:55', 1, NULL, 8, 5, 'TestTag1 logout', 25),
(1325, '2019-09-14 10:56:11', 1, NULL, 8, 4, 'TestTag1 login', 25),
(1326, '2019-09-14 11:08:27', 1, NULL, 8, 5, 'TestTag1 logout', 25),
(1327, '2019-09-14 11:14:42', 1, NULL, 8, 4, 'TestTag1 login', 25),
(1328, '2019-09-14 11:18:05', 1, NULL, 8, 5, 'TestTag1 logout', 25),
(1329, '2019-09-14 11:18:06', 1, NULL, 8, 4, 'TestTag1 login', 25),
(1330, '2019-09-14 11:34:37', 1, NULL, 8, 5, 'TestTag1 logout', 25),
(1331, '2019-09-14 11:36:06', 1, NULL, 8, 4, 'TestTag1 login', NULL),
(1332, '2014-03-14 02:14:15', 1, NULL, NULL, 1, '', NULL),
(1333, '2014-03-14 02:14:15', 1, NULL, NULL, 2, 'RTC Error (battery empty?)', NULL),
(1334, '2014-03-14 02:14:15', 1, NULL, NULL, 1, '', NULL),
(1335, '2014-03-14 02:14:15', 1, NULL, NULL, 2, 'RTC Error (battery empty?)', NULL),
(1336, '2014-03-14 02:14:15', 1, NULL, 8, 6, 'expired', NULL),
(1337, '2014-03-14 02:14:15', 1, NULL, 8, 6, 'expired', NULL),
(1338, '2014-03-14 02:14:15', 1, NULL, NULL, 1, '', NULL),
(1339, '2014-03-14 02:14:15', 1, NULL, NULL, 2, 'RTC Error (battery empty?)', NULL),
(1340, '2014-03-14 02:14:15', 1, NULL, NULL, 1, '', NULL),
(1341, '2014-03-14 02:14:15', 1, NULL, NULL, 2, 'RTC Error (battery empty?)', NULL),
(1342, '2014-03-14 02:14:15', 1, NULL, 8, 6, 'expired', NULL),
(1343, '2014-03-14 02:14:15', 1, NULL, 8, 6, 'expired', NULL),
(1344, '2019-09-14 12:21:59', 1, NULL, NULL, 1, '', NULL),
(1345, '2019-09-14 12:22:17', 1, NULL, 8, 4, 'TestTag1 login', 25),
(1346, '2019-09-14 12:22:20', 1, NULL, 8, 5, 'TestTag1 logout', 25),
(1347, '2019-09-14 12:22:27', 1, NULL, 8, 4, 'TestTag1 login', 25),
(1348, '2019-09-14 12:22:29', 1, NULL, 8, 5, 'TestTag1 logout', 25),
(1349, '2019-10-24 14:49:36', 1, NULL, NULL, 1, '', NULL),
(1350, '2019-10-22 15:59:26', 1, NULL, NULL, 1, '', NULL),
(1351, '2019-10-22 15:58:16', 1, NULL, NULL, 1, '', NULL),
(1352, '2019-10-22 15:57:12', 1, NULL, NULL, 1, '', NULL),
(1353, '2019-10-22 15:53:54', 1, NULL, NULL, 1, '', NULL),
(1354, '2019-10-21 16:21:01', 1, NULL, NULL, 1, '', NULL),
(1355, '2019-10-21 14:41:53', 1, NULL, NULL, 1, '', NULL),
(1356, '2019-10-21 13:36:35', 1, NULL, NULL, 4, 'TestTag1 login', NULL),
(1357, '2019-10-21 13:35:20', 1, NULL, NULL, 5, 'TestTag1 logout', NULL),
(1358, '2019-10-21 13:35:17', 1, NULL, NULL, 4, 'TestTag1 login', NULL),
(1359, '2019-10-21 13:32:29', 1, NULL, NULL, 1, '', NULL),
(1360, '2019-10-21 13:31:25', 1, NULL, NULL, 1, '', NULL),
(1361, '2019-10-21 13:30:03', 1, NULL, NULL, 1, '', NULL),
(1362, '2014-03-14 02:14:15', 1, NULL, NULL, 1, '', NULL),
(1363, '2014-03-14 02:14:15', 1, NULL, NULL, 2, 'RTC Error (battery empty?)', NULL),
(1364, '2014-03-14 02:14:15', 1, NULL, NULL, 6, 'uid:991328677 denied', NULL),
(1365, '2014-03-14 02:14:15', 1, NULL, NULL, 6, 'uid:991328677 denied', NULL),
(1366, '2014-03-14 02:14:15', 1, NULL, NULL, 6, 'uid:991328677 denied', NULL),
(1367, '2014-03-14 02:14:15', 1, NULL, NULL, 1, '', NULL),
(1368, '2014-03-14 02:14:15', 1, NULL, NULL, 2, 'RTC Error (battery empty?)', NULL),
(1369, '2014-03-14 02:14:15', 1, NULL, NULL, 1, '', NULL),
(1370, '2014-03-14 02:14:15', 1, NULL, NULL, 2, 'RTC Error (battery empty?)', NULL),
(1371, '2014-03-14 02:14:15', 1, NULL, NULL, 6, 'expired', NULL),
(1372, '2014-03-14 02:14:15', 1, NULL, NULL, 6, 'expired', NULL),
(1373, '2014-03-14 02:14:15', 1, NULL, NULL, 6, 'expired', NULL),
(1374, '2014-03-14 02:14:15', 1, NULL, NULL, 6, 'expired', NULL),
(1375, '2014-03-14 02:14:15', 1, NULL, NULL, 6, 'expired', NULL),
(1376, '2014-03-14 02:14:15', 1, NULL, NULL, 6, 'expired', NULL),
(1377, '2014-03-14 02:14:15', 1, NULL, NULL, 1, '', NULL),
(1378, '2014-03-14 02:14:15', 1, NULL, NULL, 2, 'RTC Error (battery empty?)', NULL),
(1379, '2019-10-17 17:16:24', 1, NULL, NULL, 4, 'TestTag1 login', NULL),
(1380, '2019-10-17 17:16:22', 1, NULL, NULL, 1, '', NULL),
(1381, '2014-03-14 02:14:15', 1, NULL, NULL, 6, 'expired', NULL),
(1382, '2014-03-14 02:14:15', 1, NULL, NULL, 1, '', NULL),
(1383, '2014-03-14 02:14:15', 1, NULL, NULL, 2, 'RTC Error (battery empty?)', NULL),
(1384, '2019-10-17 16:44:02', 1, NULL, NULL, 1, '', NULL),
(1385, '2019-10-17 15:51:49', 1, NULL, NULL, 5, 'TestTag1 logout', NULL),
(1386, '2019-10-17 15:23:07', 1, NULL, NULL, 4, 'TestTag1 login', NULL),
(1387, '2019-10-17 15:19:36', 1, NULL, NULL, 1, '', NULL),
(1388, '2019-10-15 15:50:22', 1, NULL, NULL, 4, 'TestTag1 login', NULL),
(1389, '2019-10-15 15:37:25', 1, NULL, NULL, 5, 'TestTag1 logout', NULL),
(1390, '2019-10-15 15:26:02', 1, NULL, NULL, 4, 'TestTag1 login', NULL),
(1391, '2019-10-15 15:20:27', 1, NULL, NULL, 1, '', NULL),
(1392, '2019-10-15 15:12:06', 1, NULL, NULL, 1, '', NULL),
(1393, '2019-10-12 12:36:28', 1, NULL, NULL, 5, 'TestTag1 logout', NULL),
(1394, '2019-10-12 11:49:27', 1, NULL, NULL, 4, 'TestTag1 login', NULL),
(1395, '2019-10-12 11:45:52', 1, NULL, NULL, 1, '', NULL),
(1396, '2019-10-12 11:40:50', 1, NULL, NULL, 1, '', NULL),
(1397, '2019-10-10 16:13:34', 1, NULL, NULL, 5, 'TestTag1 logout', NULL),
(1398, '2019-10-10 15:58:40', 1, NULL, NULL, 4, 'TestTag1 login', NULL),
(1399, '2019-10-10 15:43:22', 1, NULL, NULL, 5, 'TestTag1 logout', NULL),
(1400, '2019-10-10 15:11:28', 1, NULL, NULL, 4, 'TestTag1 login', NULL),
(1401, '2019-10-10 15:10:36', 1, NULL, NULL, 5, 'TestTag1 logout', NULL),
(1402, '2019-10-10 14:42:29', 1, NULL, NULL, 4, 'TestTag1 login', NULL),
(1403, '2019-10-10 14:34:11', 1, NULL, NULL, 5, 'TestTag1 logout', NULL),
(1404, '2019-10-10 14:30:59', 1, NULL, NULL, 4, 'TestTag1 login', NULL),
(1405, '2019-10-10 14:26:36', 1, NULL, NULL, 5, 'TestTag1 logout', NULL),
(1406, '2019-10-10 14:06:09', 1, NULL, NULL, 4, 'TestTag1 login', NULL),
(1407, '2019-10-10 13:59:04', 1, NULL, NULL, 1, '', NULL),
(1408, '2019-10-10 12:13:57', 1, NULL, NULL, 5, 'TestTag1 logout', NULL),
(1409, '2019-10-10 11:11:21', 1, NULL, NULL, 4, 'TestTag1 login', NULL),
(1410, '2019-10-10 10:46:22', 1, NULL, NULL, 1, '', NULL),
(1411, '2019-10-09 15:52:56', 1, NULL, NULL, 1, '', NULL),
(1412, '2019-10-08 16:24:16', 1, NULL, NULL, 5, 'TestTag1 logout', NULL),
(1413, '2019-10-08 15:43:04', 1, NULL, NULL, 4, 'TestTag1 login', NULL),
(1414, '2019-10-08 15:34:45', 1, NULL, NULL, 1, '', NULL),
(1415, '2019-10-07 17:14:31', 1, NULL, NULL, 1, '', NULL),
(1416, '2019-10-05 12:57:40', 1, NULL, NULL, 5, 'TestTag1 logout', NULL),
(1417, '2019-10-05 12:44:59', 1, NULL, NULL, 4, 'TestTag1 login', NULL),
(1418, '2019-10-05 12:30:00', 1, NULL, NULL, 1, '', NULL),
(1419, '2019-10-05 12:06:08', 1, NULL, NULL, 1, '', NULL),
(1420, '2019-10-05 11:45:33', 1, NULL, NULL, 1, '', NULL),
(1421, '2019-10-04 16:03:46', 1, NULL, NULL, 5, 'TestTag1 logout', NULL),
(1422, '2019-10-04 15:58:02', 1, NULL, NULL, 4, 'TestTag1 login', NULL),
(1423, '2019-10-04 15:43:46', 1, NULL, NULL, 5, 'TestTag1 logout', NULL),
(1424, '2019-10-04 15:14:35', 1, NULL, NULL, 4, 'TestTag1 login', NULL),
(1425, '2019-10-04 15:11:24', 1, NULL, NULL, 5, 'TestTag1 logout', NULL),
(1426, '2019-10-04 15:03:53', 1, NULL, NULL, 4, 'TestTag1 login', NULL),
(1427, '2019-10-04 14:59:23', 1, NULL, NULL, 5, 'TestTag1 logout', NULL),
(1428, '2019-10-04 14:57:17', 1, NULL, NULL, 4, 'TestTag1 login', NULL),
(1429, '2019-10-04 14:51:08', 1, NULL, NULL, 5, 'TestTag1 logout', NULL),
(1430, '2019-10-04 14:41:08', 1, NULL, NULL, 4, 'TestTag1 login', NULL),
(1431, '2019-10-04 14:32:42', 1, NULL, NULL, 1, '', NULL),
(1432, '2019-10-03 16:00:40', 1, NULL, NULL, 5, 'TestTag1 logout', NULL),
(1433, '2019-10-03 15:44:36', 1, NULL, NULL, 4, 'TestTag1 login', NULL),
(1434, '2019-10-03 15:23:25', 1, NULL, NULL, 1, '', NULL),
(1435, '2019-10-01 18:38:21', 1, NULL, NULL, 5, 'TestTag1 logout', NULL),
(1436, '2019-10-01 16:27:25', 1, NULL, NULL, 4, 'TestTag1 login', NULL),
(1437, '2019-10-01 16:12:27', 1, NULL, NULL, 5, 'TestTag1 logout', NULL),
(1438, '2019-10-01 14:05:50', 1, NULL, NULL, 4, 'TestTag1 login', NULL),
(1439, '2019-10-01 13:57:09', 1, NULL, NULL, 1, '', NULL),
(1440, '2019-09-30 17:34:28', 1, NULL, NULL, 5, 'TestTag1 logout', NULL),
(1441, '2019-09-30 17:23:01', 1, NULL, NULL, 4, 'TestTag1 login', NULL),
(1442, '2019-09-30 17:19:05', 1, NULL, NULL, 1, '', NULL),
(1443, '2019-09-25 17:19:56', 1, NULL, NULL, 5, 'TestTag1 logout', NULL),
(1444, '2019-09-25 17:16:22', 1, NULL, NULL, 4, 'TestTag1 login', NULL),
(1445, '2019-09-25 16:20:31', 1, NULL, NULL, 1, '', NULL),
(1446, '2019-09-24 14:58:42', 1, NULL, NULL, 5, 'TestTag1 logout', NULL),
(1447, '2019-09-24 14:19:29', 1, NULL, NULL, 4, 'TestTag1 login', NULL),
(1448, '2019-09-24 14:16:49', 1, NULL, NULL, 5, 'TestTag1 logout', NULL),
(1449, '2019-09-24 14:16:41', 1, NULL, NULL, 4, 'TestTag1 login', NULL),
(1450, '2019-09-24 13:59:41', 1, NULL, NULL, 1, '', NULL),
(1451, '2019-09-21 11:17:58', 1, NULL, NULL, 4, 'TestTag1 login', NULL),
(1452, '2019-09-21 11:17:36', 1, NULL, NULL, 4, 'TestTag1 login', NULL),
(1453, '2019-09-21 10:59:21', 1, NULL, NULL, 1, '', NULL),
(1454, '2019-09-21 10:33:46', 1, NULL, NULL, 5, 'TestTag1 logout', NULL),
(1455, '2019-09-21 10:28:05', 1, NULL, NULL, 4, 'TestTag1 login', NULL),
(1456, '2019-09-21 10:26:38', 1, NULL, NULL, 5, 'TestTag1 logout', NULL),
(1457, '2019-09-21 10:26:13', 1, NULL, NULL, 4, 'TestTag1 login', NULL),
(1458, '2019-09-21 08:58:41', 1, NULL, NULL, 1, '', NULL),
(1459, '2019-09-19 15:52:39', 1, NULL, NULL, 1, '', NULL),
(1460, '2019-09-19 15:48:21', 1, NULL, NULL, 1, '', NULL),
(1461, '2019-09-19 14:56:00', 1, NULL, NULL, 1, '', NULL),
(1462, '2019-09-19 14:49:45', 1, NULL, NULL, 1, '', NULL),
(1463, '2019-09-19 14:40:40', 1, NULL, NULL, 1, '', NULL),
(1464, '2019-09-18 16:42:37', 1, NULL, NULL, 5, 'TestTag1 logout', NULL),
(1465, '2019-09-18 16:22:23', 1, NULL, NULL, 4, 'TestTag1 login', NULL),
(1466, '2019-09-18 16:12:55', 1, NULL, NULL, 5, 'TestTag1 logout', NULL),
(1467, '2019-09-18 15:25:49', 1, NULL, NULL, 4, 'TestTag1 login', NULL),
(1468, '2019-09-18 15:22:05', 1, NULL, NULL, 1, '', NULL),
(1469, '2019-09-17 14:43:53', 1, NULL, NULL, 1, '', NULL),
(1470, '2019-09-17 14:22:05', 1, NULL, NULL, 1, '', NULL),
(1471, '2019-09-17 14:00:47', 1, NULL, NULL, 4, 'TestTag1 login', NULL),
(1472, '2019-09-17 14:00:46', 1, NULL, NULL, 1, '', NULL),
(1473, '2019-10-24 15:10:08', 1, NULL, 8, 4, 'TestTag1 login', 25),
(1474, '2019-10-24 15:25:40', 1, NULL, 8, 5, 'TestTag1 logout', 25),
(1475, '2019-10-24 15:52:13', 1, NULL, 8, 4, 'TestTag1 login', 25),
(1476, '2019-10-24 17:11:04', 1, NULL, 8, 5, 'TestTag1 logout', 25),
(1477, '2019-10-26 09:18:02', 1, NULL, NULL, 1, '', NULL),
(1478, '2019-10-26 09:20:36', 1, NULL, 8, 4, 'TestTag1 login', 25),
(1479, '2019-10-26 09:20:39', 1, NULL, 8, 5, 'TestTag1 logout', 25),
(1480, '2019-10-26 09:29:41', 1, NULL, 8, 4, 'TestTag1 login', 25),
(1481, '2019-10-26 09:39:51', 1, NULL, 8, 5, 'TestTag1 logout', 25),
(1482, '2019-10-26 09:44:06', 1, NULL, 8, 4, 'TestTag1 login', 25),
(1483, '2019-10-26 10:06:56', 1, NULL, 8, 5, 'TestTag1 logout', 25),
(1484, '2019-10-26 10:29:39', 1, NULL, 8, 4, 'TestTag1 login', 25),
(1485, '2019-10-26 11:15:54', 1, NULL, 8, 5, 'TestTag1 logout', 25),
(1486, '2019-10-26 11:22:03', 1, NULL, 8, 4, 'TestTag1 login', 25),
(1487, '2019-10-26 11:26:16', 1, NULL, 8, 5, 'TestTag1 logout', 25),
(1488, '2019-10-26 11:30:13', 1, NULL, 8, 4, 'TestTag1 login', 25),
(1489, '2019-10-26 12:02:53', 1, NULL, 8, 5, 'TestTag1 logout', 25),
(1490, '2019-10-26 12:08:43', 1, NULL, 8, 4, 'TestTag1 login', 25),
(1491, '2019-10-26 12:48:56', 1, NULL, 8, 5, 'TestTag1 logout', 25),
(1492, '2019-10-28 16:13:35', 1, NULL, NULL, 1, '', NULL),
(1493, '2019-10-28 16:17:21', 1, NULL, 8, 4, 'TestTag1 login', 25),
(1494, '2019-10-28 16:17:23', 1, NULL, 8, 5, 'TestTag1 logout', 25),
(1495, '2019-10-28 16:20:25', 1, NULL, 8, 4, 'TestTag1 login', NULL),
(1496, '2019-10-29 05:31:22', 1, NULL, 8, 4, 'TestTag1 login', 25),
(1497, '2019-10-29 06:20:56', 1, NULL, 8, 5, 'TestTag1 logout', 25),
(1498, '2019-10-29 05:31:15', 1, NULL, -1, 1, '', NULL),
(1499, '2019-10-29 06:21:09', 1, NULL, 8, 4, 'TestTag1 login', 25),
(1500, '2019-10-29 08:59:58', 1, NULL, 8, 5, 'TestTag1 logout', 25),
(1501, '2019-10-29 08:59:59', 1, NULL, 8, 4, 'TestTag1 login', NULL),
(1502, '2019-10-29 09:00:17', 1, NULL, NULL, 1, '', NULL),
(1503, '2019-10-29 09:08:06', 1, NULL, 8, 4, 'TestTag1 login', 25),
(1504, '2019-10-29 09:21:20', 1, NULL, 8, 5, 'TestTag1 logout', 25),
(1505, '2019-10-29 16:28:47', 1, NULL, NULL, 1, '', NULL),
(1506, '2019-10-29 16:31:57', 1, NULL, 8, 4, 'TestTag1 login', 25),
(1507, '2019-10-29 16:49:36', 1, NULL, 8, 5, 'TestTag1 logout', 25),
(1508, '2019-10-29 16:59:50', 1, NULL, 8, 4, 'TestTag1 login', 25),
(1509, '2019-10-29 17:35:57', 1, NULL, 8, 5, 'TestTag1 logout', 25),
(1510, '2019-10-29 17:55:36', 1, NULL, 8, 4, 'TestTag1 login', 25),
(1511, '2019-10-29 17:55:47', 1, NULL, 8, 5, 'TestTag1 logout', 25),
(1512, '2019-10-29 17:59:01', 1, NULL, 8, 4, 'TestTag1 login', 25),
(1513, '2019-10-29 18:29:49', 1, NULL, 8, 5, 'TestTag1 logout', 25),
(1514, '2019-10-30 17:13:01', 1, NULL, NULL, 1, '', NULL),
(1515, '2019-10-30 17:14:20', 1, NULL, 8, 4, 'TestTag1 login', 27),
(1516, '2019-10-30 17:26:33', 1, NULL, 8, 5, 'TestTag1 logout', 27),
(1517, '2019-10-30 17:26:40', 1, NULL, 8, 4, 'TestTag1 login', 27),
(1518, '2019-10-30 18:12:52', 1, NULL, 8, 5, 'TestTag1 logout', 27),
(1519, '2019-10-31 17:43:09', 1, NULL, NULL, 1, '', NULL),
(1520, '2019-10-31 17:57:26', 1, NULL, 8, 4, 'TestTag1 login', NULL),
(1521, '2019-11-02 11:26:44', 1, NULL, NULL, 1, '', NULL),
(1522, '2019-11-02 12:40:35', 1, NULL, NULL, 1, '', NULL),
(1523, '2019-11-02 12:55:13', 1, NULL, 8, 4, 'TestTag1 login', NULL),
(1524, '2019-11-02 13:11:36', 1, NULL, NULL, 6, 'uid:991328677 key error', NULL),
(1525, '2019-11-02 13:11:40', 1, NULL, NULL, 6, 'uid:991328677 key error', NULL),
(1526, '2019-11-02 13:59:11', 1, NULL, NULL, 5, 'TestTag1 logout', NULL),
(1527, '2019-11-05 06:14:46', 1, NULL, NULL, 1, '', NULL),
(1528, '2019-11-05 08:19:26', 1, NULL, NULL, 1, '', NULL),
(1529, '2019-11-05 08:43:39', 1, NULL, 8, 4, 'TestTag1 login', NULL),
(1530, '2019-11-05 16:59:06', 1, NULL, NULL, 1, '', NULL),
(1531, '2019-11-05 17:11:47', 1, NULL, 8, 4, 'TestTag1 login', 27),
(1532, '2019-11-05 17:19:38', 1, NULL, 8, 5, 'TestTag1 logout', 27),
(1533, '2019-11-05 17:40:44', 1, NULL, 8, 4, 'TestTag1 login', 27),
(1534, '2019-11-05 18:03:16', 1, NULL, 8, 5, 'TestTag1 logout', 27),
(1535, '2019-11-05 18:33:03', 1, NULL, 8, 4, 'TestTag1 login', NULL),
(1536, '2019-11-07 17:42:47', 1, NULL, NULL, 1, '', NULL),
(1537, '2019-11-07 17:55:21', 1, NULL, 8, 4, 'TestTag1 login', 27),
(1538, '2019-11-07 18:18:09', 1, NULL, 8, 5, 'TestTag1 logout', 27),
(1539, '2019-11-07 18:29:18', 1, NULL, 8, 4, 'TestTag1 login', 27),
(1540, '2019-11-07 19:02:50', 1, NULL, 8, 5, 'TestTag1 logout', 27),
(1541, '2019-11-09 12:27:08', 1, NULL, NULL, 1, '', NULL),
(1542, '2019-11-09 12:35:31', 1, NULL, 8, 4, 'TestTag1 login', 27),
(1543, '2019-11-09 14:15:29', 1, NULL, 8, 5, 'TestTag1 logout', 27);

-- --------------------------------------------------------

--
-- Tabellenstruktur für Tabelle `machines`
--

CREATE TABLE `machines` (
  `mid` int(11) NOT NULL,
  `name` varchar(30) NOT NULL,
  `config` varchar(100) DEFAULT NULL,
  `price` decimal(5,2) NOT NULL,
  `period` int(11) NOT NULL,
  `uid` int(11) NOT NULL,
  `min_periods` int(11) NOT NULL,
  `offdelay` int(11) NOT NULL DEFAULT 0,
  `watchdog` int(11) NOT NULL DEFAULT 15,
  `status` int(11) NOT NULL DEFAULT 0
) ENGINE=InnoDB DEFAULT CHARSET=utf8;

--
-- Daten für Tabelle `machines`
--

INSERT INTO `machines` (`mid`, `name`, `config`, `price`, `period`, `uid`, `min_periods`, `offdelay`, `watchdog`, `status`) VALUES
(1, 'Lasersaur', '', '6.00', 15, 2, 1, 0, 15, 0),
(2, 'Laser klein', '', '1.00', 15, 2, 1, 0, 15, 0),
(3, 'CNC-Fräse', '', '6.00', 15, 2, 1, 0, 15, 0),
(4, 'Drehbank gr', '', '4.00', 15, 2, 1, 0, 15, 0),
(5, 'Drehbank kl', '', '4.00', 15, 2, 1, 0, 15, 0),
(6, 'Prusa Archimedes ', '', '1.25', 15, 2, 4, 5, 15, 0),
(7, 'Prusa Bernoulli', '', '1.25', 15, 2, 4, 5, 15, 0),
(8, 'Prusa Curie', '', '1.25', 15, 2, 4, 5, 15, 0),
(9, 'X400', '', '2.00', 15, 2, 4, 5, 15, 0),
(10, 'Rostock Delta', '', '2.00', 15, 2, 4, 5, 15, 0);

-- --------------------------------------------------------

--
-- Tabellenstruktur für Tabelle `price_units`
--

CREATE TABLE `price_units` (
  `uid` int(11) NOT NULL,
  `name` varchar(45) NOT NULL
) ENGINE=InnoDB DEFAULT CHARSET=utf8;

--
-- Daten für Tabelle `price_units`
--

INSERT INTO `price_units` (`uid`, `name`) VALUES
(1, 'Stk.'),
(2, 'Min.'),
(3, 'Std.'),
(4, 'Tag'),
(5, 'Woche'),
(6, 'Monat'),
(7, 'Jahr');

-- --------------------------------------------------------

--
-- Tabellenstruktur für Tabelle `rights`
--

CREATE TABLE `rights` (
  `rid` int(11) NOT NULL,
  `tid` int(11) NOT NULL,
  `mid` int(11) NOT NULL,
  `start` date DEFAULT NULL,
  `end` date DEFAULT NULL
) ENGINE=InnoDB DEFAULT CHARSET=utf8;

--
-- Daten für Tabelle `rights`
--

INSERT INTO `rights` (`rid`, `tid`, `mid`, `start`, `end`) VALUES
(1, 1, 1, '2017-06-01', '2019-01-01'),
(2, 1, 2, '2017-06-01', '2019-01-01'),
(3, 1, 3, '2017-06-01', '2019-01-01'),
(4, 2, 1, '2017-06-19', '2020-01-01'),
(5, 2, 2, '2017-06-24', '2020-01-01'),
(6, 8, 1, '2000-01-01', '2020-01-01'),
(7, 8, 2, '2019-01-01', '2021-01-01');

-- --------------------------------------------------------

--
-- Tabellenstruktur für Tabelle `sessions`
--

CREATE TABLE `sessions` (
  `session_id` varchar(128) CHARACTER SET utf8mb4 COLLATE utf8mb4_bin NOT NULL,
  `expires` int(11) UNSIGNED NOT NULL,
  `data` text CHARACTER SET utf8mb4 COLLATE utf8mb4_bin DEFAULT NULL
) ENGINE=InnoDB DEFAULT CHARSET=utf8;

-- --------------------------------------------------------

--
-- Tabellenstruktur für Tabelle `table_status`
--

CREATE TABLE `table_status` (
  `id` int(11) NOT NULL,
  `table` varchar(45) NOT NULL,
  `last_change` timestamp NULL DEFAULT current_timestamp(),
  `rec_count` int(11) DEFAULT NULL
) ENGINE=InnoDB DEFAULT CHARSET=utf8;

--
-- Daten für Tabelle `table_status`
--

INSERT INTO `table_status` (`id`, `table`, `last_change`, `rec_count`) VALUES
(1, 'tags', '2017-08-12 16:41:55', 0);

-- --------------------------------------------------------

--
-- Tabellenstruktur für Tabelle `tags`
--

CREATE TABLE `tags` (
  `tid` int(11) NOT NULL,
  `uid` varchar(10) NOT NULL,
  `name` varchar(50) DEFAULT NULL
) ENGINE=InnoDB DEFAULT CHARSET=utf8 ROW_FORMAT=COMPACT;

--
-- Daten für Tabelle `tags`
--

INSERT INTO `tags` (`tid`, `uid`, `name`) VALUES
(1, '0856898896', 'Claudio Prezzi'),
(2, '0079830412', 'Admin'),
(3, '0599013477', 'Tag 1'),
(4, '0598580901', 'Tag 2'),
(5, '0597799173', 'Tag 3'),
(6, '0599314549', 'Tag 4'),
(7, '0599455413', 'Tag 5'),
(8, '0991328677', 'TestTag1'),
(9, '09913286', 'TestTag2');

-- --------------------------------------------------------

--
-- Tabellenstruktur für Tabelle `users`
--

CREATE TABLE `users` (
  `uid` int(11) NOT NULL,
  `username` varchar(50) NOT NULL,
  `password_hash` varchar(50) NOT NULL,
  `name` varchar(50) NOT NULL,
  `role` int(11) NOT NULL
) ENGINE=InnoDB DEFAULT CHARSET=utf8;

--
-- Daten für Tabelle `users`
--

INSERT INTO `users` (`uid`, `username`, `password_hash`, `name`, `role`) VALUES
(1, 'info@fablabwinti.ch', 'a57b647e8c19ff326a561c4bd31505d4', 'FabLab Admin', 1),
(2, 'claudio.prezzi@fablabwinti.ch', '949a6bf1501f74e475cc98fb651e05c6', 'Claudio Prezzi', 1),
(3, 'andreas.bachmann@fablabwinti.ch', 'a57b647e8c19ff326a561c4bd31505d4', 'Andreas Bachmann', 2),
(4, 'damian.schneider@fablabwinti.ch', 'cb103729ad2ee71822192d27cc71e12a', 'Damian Schneider', 1),
(5, 'patrick.gubelmann@fablabwinti.ch', 'a57b647e8c19ff326a561c4bd31505d4', 'Patrick Gubelmann', 2),
(6, 'cwalther@gmx.ch', 'b2a7666090b0172fb816a3de217e3759', 'Christian Walther', 1);

--
-- Indizes der exportierten Tabellen
--

--
-- Indizes für die Tabelle `articles`
--
ALTER TABLE `articles`
  ADD PRIMARY KEY (`aid`);

--
-- Indizes für die Tabelle `events`
--
ALTER TABLE `events`
  ADD PRIMARY KEY (`eid`);

--
-- Indizes für die Tabelle `invoices`
--
ALTER TABLE `invoices`
  ADD PRIMARY KEY (`iid`);

--
-- Indizes für die Tabelle `logs`
--
ALTER TABLE `logs`
  ADD PRIMARY KEY (`lid`);

--
-- Indizes für die Tabelle `machines`
--
ALTER TABLE `machines`
  ADD PRIMARY KEY (`mid`) USING BTREE;

--
-- Indizes für die Tabelle `price_units`
--
ALTER TABLE `price_units`
  ADD PRIMARY KEY (`uid`);

--
-- Indizes für die Tabelle `rights`
--
ALTER TABLE `rights`
  ADD PRIMARY KEY (`rid`);

--
-- Indizes für die Tabelle `sessions`
--
ALTER TABLE `sessions`
  ADD PRIMARY KEY (`session_id`);

--
-- Indizes für die Tabelle `table_status`
--
ALTER TABLE `table_status`
  ADD PRIMARY KEY (`id`);

--
-- Indizes für die Tabelle `tags`
--
ALTER TABLE `tags`
  ADD PRIMARY KEY (`tid`),
  ADD UNIQUE KEY `uid` (`uid`);

--
-- Indizes für die Tabelle `users`
--
ALTER TABLE `users`
  ADD PRIMARY KEY (`uid`),
  ADD UNIQUE KEY `username_UNIQUE` (`username`);

--
-- AUTO_INCREMENT für exportierte Tabellen
--

--
-- AUTO_INCREMENT für Tabelle `articles`
--
ALTER TABLE `articles`
  MODIFY `aid` int(11) NOT NULL AUTO_INCREMENT, AUTO_INCREMENT=302;

--
-- AUTO_INCREMENT für Tabelle `events`
--
ALTER TABLE `events`
  MODIFY `eid` int(11) NOT NULL AUTO_INCREMENT, AUTO_INCREMENT=10;

--
-- AUTO_INCREMENT für Tabelle `invoices`
--
ALTER TABLE `invoices`
  MODIFY `iid` int(11) NOT NULL AUTO_INCREMENT, AUTO_INCREMENT=28;

--
-- AUTO_INCREMENT für Tabelle `logs`
--
ALTER TABLE `logs`
  MODIFY `lid` int(11) NOT NULL AUTO_INCREMENT, AUTO_INCREMENT=1544;

--
-- AUTO_INCREMENT für Tabelle `machines`
--
ALTER TABLE `machines`
  MODIFY `mid` int(11) NOT NULL AUTO_INCREMENT, AUTO_INCREMENT=13;

--
-- AUTO_INCREMENT für Tabelle `price_units`
--
ALTER TABLE `price_units`
  MODIFY `uid` int(11) NOT NULL AUTO_INCREMENT, AUTO_INCREMENT=8;

--
-- AUTO_INCREMENT für Tabelle `rights`
--
ALTER TABLE `rights`
  MODIFY `rid` int(11) NOT NULL AUTO_INCREMENT, AUTO_INCREMENT=8;

--
-- AUTO_INCREMENT für Tabelle `table_status`
--
ALTER TABLE `table_status`
  MODIFY `id` int(11) NOT NULL AUTO_INCREMENT, AUTO_INCREMENT=2;

--
-- AUTO_INCREMENT für Tabelle `tags`
--
ALTER TABLE `tags`
  MODIFY `tid` int(11) NOT NULL AUTO_INCREMENT, AUTO_INCREMENT=10;

--
-- AUTO_INCREMENT für Tabelle `users`
--
ALTER TABLE `users`
  MODIFY `uid` int(11) NOT NULL AUTO_INCREMENT, AUTO_INCREMENT=7;
COMMIT;

/*!40101 SET CHARACTER_SET_CLIENT=@OLD_CHARACTER_SET_CLIENT */;
/*!40101 SET CHARACTER_SET_RESULTS=@OLD_CHARACTER_SET_RESULTS */;
/*!40101 SET COLLATION_CONNECTION=@OLD_COLLATION_CONNECTION */;
