3;9999999996;9999999996
4;9999999995;9999999995
5;9999999994;9999999994
6;9999999993;9999999993
7;9999999992;9999999992
8;9999999991;9999999991
9;9999999990;9999999990
10;9999999989;9999999989
11;9999999988;9999999988
12;9999999987;9999999987
13;9999999986;9999999986
14;9999999985;9999999985
15;9999999984;9999999984
16;9999999983;9999999983
17;9999999982;9999999982
18;9999999981;9999999981
19;9999999980;9999999980
20;9999999979;9999999979
21;9999999978;9999999978
22;9999999977;9999999977
23;9999999976;9999999976
24;9999999975;9999999975
25;9999999974;9999999974
26;9999999973;9999999973
27;9999999972;9999999972
28;9999999971;9999999971
29;9999999970;9999999970
30;9999999969;9999999969
31;9999999968;9999999968
32;9999999967;9999999967
33;9999999966;9999999966
34;9999999965;9999999965
35;9999999964;9999999964
36;9999999963;9999999963
37;9999999962;9999999962
38;9999999961;9999999961
39;9999999960;9999999960
40;9999999959;9999999959
41;9999999958;9999999958
42;9999999957;9999999957
43;9999999956;9999999956
44;9999999955;9999999955
45;9999999954;9999999954
46;9999999953;9999999953
47;9999999952;9999999952
48;9999999951;9999999951
49;9999999950;9999999950
50;9999999949;9999999949
51;9999999948;9999999948
52;9999999947;9999999947
53;9999999946;9999999946
54;9999999945;9999999945
55;9999999944;9999999944
56;9999999943;9999999943
57;9999999942;9999999942
58;9999999941;9999999941
59;9999999940;9999999940
60;9999999939;9999999939
61;9999999938;9999999938
62;9999999937;9999999937
63;9999999936;9999999936
64;9999999935;9999999935
65;9999999934;9999999934
66;9999999933;9999999933
67;9999999932;9999999932
68;9999999931;9999999931
69;9999999930;9999999930
70;9999999929;9999999929
71;9999999928;9999999928
72;9999999927;9999999927
73;9999999926;9999999926
74;9999999925;9999999925
75;9999999924;9999999924
76;9999999923;9999999923
77;9999999922;9999999922
78;9999999921;9999999921
79;9999999920;9999999920
80;9999999919;9999999919
81;9999999918;9999999918
82;9999999917;9999999917
83;9999999916;9999999916
84;9999999915;9999999915
85;9999999914;9999999914
86;9999999913;9999999913
87;9999999912;9999999912
88;9999999911;9999999911
89;9999999910;9999999910
90;9999999909;9999999909
91;9999999908;9999999908
92;9999999907;9999999907
93;9999999906;9999999906
94;9999999905;9999999905
95;9999999904;9999999904
96;9999999903;9999999903
97;9999999902;9999999902
98;9999999901;9999999901
99;9999999900;9999999900
100;9999999899;9999999899
101;9999999898;9999999898
102;9999999897;9999999897
103;9999999896;9999999896
104;9999999895;9999999895
105;9999999894;9999999894
106;9999999893;9999999893
107;9999999892;9999999892
108;9999999891;9999999891
109;9999999890;9999999890
110;9999999889;9999999889
111;9999999888;9999999888
112;9999999887;9999999887
113;9999999886;9999999886
114;9999999885;9999999885
115;9999999884;9999999884
116;9999999883;9999999883
117;9999999882;9999999882
118;9999999881;9999999881
119;9999999880;9999999880
120;9999999879;9999999879
121;9999999878;9999999878
122;9999999877;9999999877
123;9999999876;9999999876
124;9999999875;9999999875
125;9999999874;9999999874
126;9999999873;9999999873
127;9999999872;9999999872
128;9999999871;9999999871
129;9999999870;9999999870
130;9999999869;9999999869
131;9999999868;9999999868
132;9999999867;9999999867
133;9999999866;9999999866
134;9999999865;9999999865
135;9999999864;9999999864
136;9999999863;9999999863
137;9999999862;9999999862
138;9999999861;9999999861
139;9999999860;9999999860
140;9999999859;9999999859
141;9999999858;9999999858
142;9999999857;9999999857
143;9999999856;9999999856
144;9999999855;9999999855
145;9999999854;9999999854
146;9999999853;9999999853
147;9999999852;9999999852
148;9999999851;9999999851
149;9999999850;9999999850
150;9999999849;9999999849
151;9999999848;9999999848
152;9999999847;9999999847
153;9999999846;9999999846
154;9999999845;9999999845
155;9999999844;9999999844
156;9999999843;9999999843
157;9999999842;9999999842
158;9999999841;9999999841
159;9999999840;9999999840
160;9999999839;9999999839
161;9999999838;9999999838
162;9999999837;9999999837
163;9999999836;9999999836
164;9999999835;9999999835
165;9999999834;9999999834
166;9999999833;9999999833
167;9999999832;9999999832
168;9999999831;9999999831
169;9999999830;9999999830
170;9999999829;9999999829
171;9999999828;9999999828
172;9999999827;9999999827
173;9999999826;9999999826
174;9999999825;9999999825
175;9999999824;9999999824
176;9999999823;9999999823
177;9999999822;9999999822
178;9999999821;9999999821
179;9999999820;9999999820
180;9999999819;9999999819
181;9999999818;9999999818
182;9999999817;9999999817
183;9999999816;9999999816
184;9999999815;9999999815
185;9999999814;9999999814
186;9999999813;9999999813
187;9999999812;9999999812
188;9999999811;9999999811
189;9999999810;9999999810
190;9999999809;9999999809
191;9999999808;9999999808
192;9999999807;9999999807
193;9999999806;9999999806
194;9999999805;9999999805
195;9999999804;9999999804
196;9999999803;9999999803
197;9999999802;9999999802
198;9999999801;9999999801
199;9999999800;9999999800
200;9999999799;9999999799
201;9999999798;9999999798
202;9999999797;9999999797
203;9999999796;9999999796
204;9999999795;9999999795
205;9999999794;9999999794
206;9999999793;9999999793
207;9999999792;9999999792
208;9999999791;9999999791
209;9999999790;9999999790
210;9999999789;9999999789
211;9999999788;9999999788
212;9999999787;9999999787
213;9999999786;9999999786
214;9999999785;9999999785
215;9999999784;9999999784
216;9999999783;9999999783
217;9999999782;9999999782
218;9999999781;9999999781
219;9999999780;9999999780
220;9999999779;9999999779
221;9999999778;9999999778
222;9999999777;9999999777
223;9999999776;9999999776
224;9999999775;9999999775
225;9999999774;9999999774
226;9999999773;9999999773
227;9999999772;9999999772
228;9999999771;9999999771
229;9999999770;9999999770
230;9999999769;9999999769
231;9999999768;9999999768
232;9999999767;9999999767
233;9999999766;9999999766
234;9999999765;9999999765
235;9999999764;9999999764
236;9999999763;9999999763
237;9999999762;9999999762
238;9999999761;9999999761
239;9999999760;9999999760
240;9999999759;9999999759
241;9999999758;9999999758
242;9999999757;9999999757
243;9999999756;9999999756
244;9999999755;9999999755
245;9999999754;9999999754
246;9999999753;9999999753
247;9999999752;9999999752
248;9999999751;9999999751
249;9999999750;9999999750
250;9999999749;9999999749
251;9999999748;9999999748
252;9999999747;9999999747
253;9999999746;9999999746
254;9999999745;9999999745
255;9999999744;9999999744
256;9999999743;9999999743
257;9999999742;9999999742
258;9999999741;9999999741
259;9999999740;9999999740
260;9999999739;9999999739
261;9999999738;9999999738
262;9999999737;9999999737
263;9999999736;9999999736
264;9999999735;9999999735
265;9999999734;9999999734
266;9999999733;9999999733
267;9999999732;9999999732
268;9999999731;9999999731
269;9999999730;9999999730
270;9999999729;9999999729
271;9999999728;9999999728
272;9999999727;9999999727
273;9999999726;9999999726
274;9999999725;9999999725
275;9999999724;9999999724
276;9999999723;9999999723
277;9999999722;9999999722
278;9999999721;9999999721
279;9999999720;9999999720
280;9999999719;9999999719
281;9999999718;9999999718
282;9999999717;9999999717
283;9999999716;9999999716
284;9999999715;9999999715
285;9999999714;9999999714
286;9999999713;9999999713
287;9999999712;9999999712
288;9999999711;9999999711
289;9999999710;9999999710
290;9999999709;9999999709
291;9999999708;9999999708
292;9999999707;9999999707
293;9999999706;9999999706
294;9999999705;9999999705
295;9999999704;9999999704
296;9999999703;9999999703
297;9999999702;9999999702
298;9999999701;9999999701
299;9999999700;9999999700
300;9999999699;9999999699
301;9999999698;9999999698
302;9999999697;9999999697
303;9999999696;9999999696
304;9999999695;9999999695
305;9999999694;9999999694
306;9999999693;9999999693
307;9999999692;9999999692
308;9999999691;9999999691
309;9999999690;9999999690
310;9999999689;9999999689
311;9999999688;9999999688
312;9999999687;9999999687
313;9999999686;9999999686
314;9999999685;9999999685
315;9999999684;9999999684
316;9999999683;9999999683
317;9999999682;9999999682
318;9999999681;9999999681
319;9999999680;9999999680
320;9999999679;9999999679
321;9999999678;9999999678
322;9999999677;9999999677
323;9999999676;9999999676
324;9999999675;9999999675
325;9999999674;9999999674
326;9999999673;9999999673
327;9999999672;9999999672
328;9999999671;9999999671
329;9999999670;9999999670
330;9999999669;9999999669
331;9999999668;9999999668
332;9999999667;9999999667
333;9999999666;9999999666
334;9999999665;9999999665
335;9999999664;9999999664
336;9999999663;9999999663
337;9999999662;9999999662
338;9999999661;9999999661
339;9999999660;9999999660
340;9999999659;9999999659
341;9999999658;9999999658
342;9999999657;9999999657
343;9999999656;9999999656
344;9999999655;9999999655
345;9999999654;9999999654
346;9999999653;9999999653
347;9999999652;9999999652
348;9999999651;9999999651
349;9999999650;9999999650
350;9999999649;9999999649
351;9999999648;9999999648
352;9999999647;9999999647
353;9999999646;9999999646
354;9999999645;9999999645
355;9999999644;9999999644
356;9999999643;9999999643
357;9999999642;9999999642
358;9999999641;9999999641
359;9999999640;9999999640
360;9999999639;9999999639
361;9999999638;9999999638
362;9999999637;9999999637
363;9999999636;9999999636
364;9999999635;9999999635
365;9999999634;9999999634
366;9999999633;9999999633
367;9999999632;9999999632
368;9999999631;9999999631
369;9999999630;9999999630
370;9999999629;9999999629
371;9999999628;9999999628
372;9999999627;9999999627
373;9999999626;9999999626
374;9999999625;9999999625
375;9999999624;9999999624
376;9999999623;9999999623
377;9999999622;9999999622
378;9999999621;9999999621
379;9999999620;9999999620
380;9999999619;9999999619
381;9999999618;9999999618
382;9999999617;9999999617
383;9999999616;9999999616
384;9999999615;9999999615
385;9999999614;9999999614
386;9999999613;9999999613
387;9999999612;9999999612
388;9999999611;9999999611
389;9999999610;9999999610
390;9999999609;9999999609
391;9999999608;9999999608
392;9999999607;9999999607
393;9999999606;9999999606
394;9999999605;9999999605
395;9999999604;9999999604
396;9999999603;9999999603
397;9999999602;9999999602
398;9999999601;9999999601
399;9999999600;9999999600
400;9999999599;9999999599
401;9999999598;9999999598
402;9999999597;9999999597
403;9999999596;9999999596
404;9999999595;9999999595
405;9999999594;9999999594
406;9999999593;9999999593
407;9999999592;9999999592
408;9999999591;9999999591
409;9999999590;9999999590
410;9999999589;9999999589
411;9999999588;9999999588
412;9999999587;9999999587
413;9999999586;9999999586
414;9999999585;9999999585
415;9999999584;9999999584
416;9999999583;9999999583
417;9999999582;9999999582
418;9999999581;9999999581
419;9999999580;9999999580
420;9999999579;9999999579
421;9999999578;9999999578
422;9999999577;9999999577
423;9999999576;9999999576
424;9999999575;9999999575
425;9999999574;9999999574
426;9999999573;9999999573
427;9999999572;9999999572
428;9999999571;9999999571
429;9999999570;9999999570
430;9999999569;9999999569
431;9999999568;9999999568
432;9999999567;9999999567
433;9999999566;9999999566
434;9999999565;9999999565
435;9999999564;9999999564
436;9999999563;9999999563
437;9999999562;9999999562
438;9999999561;9999999561
439;9999999560;9999999560
440;9999999559;9999999559
441;9999999558;9999999558
442;9999999557;9999999557
443;9999999556;9999999556
444;9999999555;9999999555
445;9999999554;9999999554
446;9999999553;9999999553
447;9999999552;9999999552
448;9999999551;9999999551
449;9999999550;9999999550
450;9999999549;9999999549
451;9999999548;9999999548
452;9999999547;9999999547
453;9999999546;9999999546
454;9999999545;9999999545
455;9999999544;9999999544
456;9999999543;9999999543
457;9999999542;9999999542
458;9999999541;9999999541
459;9999999540;9999999540
460;9999999539;9999999539
461;9999999538;9999999538
462;9999999537;9999999537
463;9999999536;9999999536
464;9999999535;9999999535
465;9999999534;9999999534
466;9999999533;9999999533
467;9999999532;9999999532
468;9999999531;9999999531
469;9999999530;9999999530
470;9999999529;9999999529
471;9999999528;9999999528
472;9999999527;9999999527
473;9999999526;9999999526
474;9999999525;9999999525
475;9999999524;9999999524
476;9999999523;9999999523
477;9999999522;9999999522
478;9999999521;9999999521
479;9999999520;9999999520
480;9999999519;9999999519
481;9999999518;9999999518
482;9999999517;9999999517
483;9999999516;9999999516
484;9999999515;9999999515
485;9999999514;9999999514
486;9999999513;9999999513
487;9999999512;9999999512
488;9999999511;9999999511
489;9999999510;9999999510
490;9999999509;9999999509
491;9999999508;9999999508
492;9999999507;9999999507
493;9999999506;9999999506
494;9999999505;9999999505
495;9999999504;9999999504
496;9999999503;9999999503
497;9999999502;9999999502
498;9999999501;9999999501
499;9999999500;9999999500
500;9999999499;9999999499
